{
  "fazcraft:root_advancement": {
    "criteria": {
      "root_advancement_0": "2024-08-04 15:50:59 -0700"
    },
    "done": true
  },
  "minecraft:recipes/decorations/crafting_table": {
    "criteria": {
      "unlock_right_away": "2024-08-04 15:50:59 -0700"
    },
    "done": true
  },
  "management_wanted:fnaf_1_animatronic_kills_you": {
    "criteria": {
      "fnaf_1_animatronic_kills_you_0": "2024-08-04 16:10:45 -0700"
    },
    "done": true
  },
  "minecraft:adventure/root": {
    "criteria": {
      "killed_by_something": "2024-08-04 16:10:45 -0700"
    },
    "done": true
  },
  "minecraft:adventure/adventuring_time": {
    "criteria": {
      "minecraft:plains": "2024-08-04 15:51:00 -0700"
    },
    "done": false
  },
  "management_wanted:animatronic_kills_you": {
    "criteria": {
      "animatronic_kills_you_0": "2024-08-04 16:10:45 -0700"
    },
    "done": true
  },
  "DataVersion": 3465
}