{"stats":{"minecraft:custom":{"minecraft:jump":93,"minecraft:time_since_rest":13222,"minecraft:damage_dealt":20,"minecraft:sprint_one_cm":60176,"minecraft:crouch_one_cm":265,"minecraft:deaths":3,"minecraft:play_time":38412,"minecraft:damage_taken":700,"minecraft:time_since_death":13220,"minecraft:walk_one_cm":138000,"minecraft:sneak_time":115,"minecraft:total_world_time":38412,"minecraft:drop":1,"minecraft:fall_one_cm":757,"minecraft:fly_one_cm":2738,"minecraft:leave_game":1},"minecraft:used":{"fazcraft:stuffed_suit_plush":16},"minecraft:killed_by":{"management_wanted:foxy_night":2},"minecraft:picked_up":{"sp:tablet":1,"simpleradio:transceiver":1,"fazcraft:flashlight_off":3,"fazcraft:stuffed_suit_plush":2},"minecraft:dropped":{"fazcraft:stuffed_suit_plush":1}},"DataVersion":3465}