{"stats":{"minecraft:picked_up":{"fazcraft:remnant":41,"minecraft:redstone_block":2,"sp:lens_module":1,"fazcraft:endo_plush":6,"fazcraft:excavator_skin_plush":4,"refurbished_furniture:plate":1,"fazcraft:office_chair_item":4,"fazcraft:baker_skin_plush":1,"fazcraft:cinematic_freddy_skin_plush":2,"minecraft:comparator":1,"minecraft:smooth_stone":1,"minecraft:coal_block":451,"management_wanted:freddy_spawn_egg":1,"management_wanted:fredbear_armor_helmet":1,"sp:tablet":5,"fazcraft:enby_bathroom_sign_item":1,"minecraft:command_block":1,"management_wanted:prize_counters":1,"fazcraft:pizza_slice":6,"minecraft:cyan_terracotta":1,"management_wanted:fredbear_armor_leggings":1,"fazcraft:mens_bathroom_sign_item":1,"sp:motion_detector_module":3,"fazcraft:melted_chocolate_skin_plush":1,"management_wanted:freddy_head":1,"management_wanted:bag_office_window":2,"sp:camera":1,"management_wanted:rotten_wall_tiles":2,"management_wanted:blue_pink_bunting":1,"fazcraft:red_remnant":14,"minecraft:black_stained_glass_pane":1,"fazcraft:door_button_item":25,"minecraft:grass_block":1,"fazcraft:stuffed_suit_plush":17,"fazcraft:cinematic_foxy_skin_plush":1,"fazcraft:shadow_core":2,"fazcraft:bonnie_plush":2,"fazcraft:withered_freddy_plush":2,"fazcraft:golden_freddy_plush":10,"fazcraft:pizzeria_wall_grime_upper":1,"fazcraft:flashlight_off":37,"management_wanted:rotten_wall":1,"fazcraft:rwqfsfasxc_plush":2,"sp:redstone_module":1,"management_wanted:office_chair":1,"sp:flashlight_module":4,"management_wanted:fredbear_armor_chestplate":1,"fd:freddyfazbearidle_spawn_egg":1,"fazcraft:freddy_plush":1,"fazcraft:womens_bathroom_sign_item":1,"fazcraft:tinkerer_skin_plush":1,"minecraft:iron_ingot":4,"fazcraft:shamrock_skin_plush":1,"fazcraft:withered_bonnie_plush":1,"minecraft:chain_command_block":1,"fazcraft:endo_02_plush":10,"fazcraft:sparky_skin_plush":3,"sp:nightvision_module":5,"fazcraft:easter_skin_plush":2,"fazcraft:fluorescent_light":1,"fazcraft:crash_door":69,"minecraft:coal":1},"minecraft:mined":{"sp:monitor":1,"management_wanted:diner_booth":1,"fazcraft:trash_block":1,"minecraft:piston":1,"minecraft:lever":1,"minecraft:redstone_wire":1},"minecraft:dropped":{"management_wanted:office_chair":1,"sp:tablet":12,"minecraft:glass_bottle":1,"fazcraft:fluorescent_light":2,"management_wanted:purple_curtain_stars":1,"constructionwand:stone_wand":1,"management_wanted:light_bulb":1,"fazcraft:employee_door":1,"minecraft:cyan_terracotta":2,"minecraft:dirt":1,"management_wanted:fredbear_armor_helmet":1,"management_wanted:fright_wall_tiles":1,"fd:freddyfazbearidle_spawn_egg":1,"minecraft:black_stained_glass_pane":1,"management_wanted:prize_counters":1,"fazcraft:crash_door":2,"fazcraft:handunit":5,"minecraft:pumpkin_pie":1,"minecraft:black_concrete":1,"management_wanted:rotten_wall_tiles":2,"fazcraft:stuffed_suit_plush":1,"fazcraft:enby_bathroom_sign_item":1,"management_wanted:rotten_wall":2,"management_wanted:deluxe_side_stage_block":1,"minecraft:warped_sign":1,"management_wanted:blue_pink_bunting":1,"patchouli:guide_book":1,"fazcraft:fazcam":1,"simpleradio:transceiver":1,"management_wanted:freddy_spawn_egg":1,"minecraft:birch_button":1,"minecraft:chain_command_block":1,"management_wanted:moderate_stage":1,"management_wanted:freddy_head":1,"management_wanted:bag_office_window":2,"minecraft:netherite_axe":1,"fazcraft:freddy_fazblock":1,"minecraft:command_block":1,"minecraft:grass_block":5,"minecraft:coal":15,"management_wanted:kitchen_tiles":1,"management_wanted:rabbit_armor_leggings":1,"minecraft:cherry_sign":1,"fazcraft:mens_bathroom_sign_item":1,"fazcraft:womens_bathroom_sign_item":1,"minecraft:repeater":1,"minecraft:smooth_stone":17,"minecraft:bucket":1,"minecraft:redstone_block":6,"fazcraft:endo_02_plush":1,"minecraft:bricks":1,"management_wanted:rabbit_armor_helmet":1,"management_wanted:deluxe_stage_block":1,"minecraft:smooth_stone_slab":1,"management_wanted:kitchen_bricks":2,"management_wanted:fredbear_armor_chestplate":1,"minecraft:comparator":2,"management_wanted:rabbit_armor_chestplate":1,"management_wanted:fredbear_armor_leggings":1,"management_wanted:dirty_fright_wall_tiles":1,"minecraft:light_blue_concrete":1,"minecraft:oak_sign":1,"fazcraft:pizzeria_wall_grime_upper":3,"minecraft:stone":1,"fazcraft:flashlight_off":10,"fazcraft:door_button_item":4},"minecraft:used":{"management_wanted:kitchen_bricks":25,"management_wanted:utility_shelf_tiny":7,"management_wanted:backstage_shelf":20,"minecraft:writable_book":6,"management_wanted:foxy_armor_helmet":1,"management_wanted:fnaf_1_poster_bonnie":3,"minecraft:oak_sign":7,"fd:emergency_light":4,"fazcraft:pizzeria_wall_grime_lower":482,"management_wanted:paper":76,"management_wanted:cyan_facade_bricks":279,"management_wanted:door_frame_3x_3_bottom":13,"management_wanted:door_button":3,"minecraft:warped_sign":19,"minecraft:bell":1,"fd:wallposterfacesb":7,"minecraft:debug_stick":73,"fd:chicachicken_spawn_egg":1,"management_wanted:vent_stained":26,"minecraft:birch_pressure_plate":9,"constructionwand:iron_wand":76,"fazcraft:hanging_stars":36,"fazcraft:cinematic_freddy_skin_plush":3,"management_wanted:white_facade_bricks":600,"management_wanted:kitchen_tiles":3,"management_wanted:purple_curtain_stars":89,"fazcraft:freddy_fazbear_spawn_egg":1,"management_wanted:freddy_head":5,"management_wanted:chica_arcade_bottom":3,"fazcraft:stuffed_suit_plush":18,"management_wanted:freddy_arcade_bottom":2,"fazcraft:broken_glass":34,"fazcraft:bonnie_head":8,"fd:doorframeside":26,"management_wanted:wall_pizza":6,"management_wanted:statue_unwithered_chica_spawn_egg":2,"fazcraft:chica_head":3,"management_wanted:children_drawings_2":6,"management_wanted:arcade_carpet_mixed_slabs":34,"management_wanted:yellow_neon_left":4,"minecraft:stripped_spruce_log":9,"management_wanted:corkboard":4,"minecraft:polished_deepslate_stairs":9,"management_wanted:pizzeria_door":10,"fd:foxy_spawn_egg":1,"fd:largesupplyroomshelves":9,"fazcraft:nebraska_poster_item":1,"management_wanted:blue_pink_bunting_pane":63,"fazcraft:paper_pal_freddy":1,"minecraft:lava_bucket":11,"minecraft:cyan_terracotta":16,"minecraft:bricks":211,"management_wanted:statue_unwithered_bonnie_spawn_egg":3,"fazcraft:tile_slab":6,"fazcraft:bonnie_plush_block":1,"minecraft:red_wool":192,"minecraft:black_stained_glass_pane":6,"fd:toyfoxyshowtime_spawn_egg":1,"minecraft:grass_block":131,"constructionwand:infinity_wand":39,"management_wanted:bag_office_window":9,"management_wanted:staff_door":1,"minecraft:polished_andesite_stairs":2,"fazcraft:withered_bonnie_plush":2,"fd:shelf_1":23,"fazcraft:desk_fan":5,"fazcraft:golden_freddy_plush_block":15,"minecraft:gray_concrete_powder":171,"refurbished_furniture:dark_lightswitch":1,"fazcraft:foxy_head":10,"management_wanted:chica_armor_helmet":2,"minecraft:item_frame":1,"management_wanted:fnaf_1_wall":296,"fazcraft:paper_pal_bonnie":2,"minecraft:birch_button":11,"refurbished_furniture:oak_crate":6,"minecraft:repeater":319,"management_wanted:err_tiles":121,"fazcraft:lets_eat_sign":5,"management_wanted:fnaf_1_sign":2,"fd:monitors_1":3,"management_wanted:fnaf_1_poster_freddy_lets_party":4,"management_wanted:endo_01_spawn_egg":1,"fazcraft:recharging_station":2,"management_wanted:backstage_table_single":52,"fazcraft:freddy_plush_block":1,"management_wanted:puppet_box":5,"minecraft:pearlescent_froglight":3,"refurbished_furniture:oak_table":3,"minecraft:stripped_spruce_wood":9,"fd:pizzeriasigns_1":8,"management_wanted:wall_wires_thin":556,"management_wanted:statue_helpy_spawn_egg":1,"fd:arcade_sign":6,"refurbished_furniture:dark_range_hood":11,"minecraft:bamboo_trapdoor":2,"fazcraft:pizzeria_wall_stairs":20,"management_wanted:clouds":29,"fazcraft:tile":59,"fazcraft:kids_drawings":4,"fazcraft:chica_plush_block":5,"management_wanted:withered_chica_spawn_egg":1,"management_wanted:present_stack":1,"management_wanted:red_curtain_pane":19,"minecraft:redstone_block":655,"management_wanted:big_entrance_door":3,"management_wanted:deluxe_stage_block":3,"management_wanted:hanging_wall_wires":151,"refurbished_furniture:black_kitchen_sink":6,"management_wanted:foxy_head":2,"management_wanted:err_tiles_stairs":1,"fazcraft:freddy_fazblock":80,"fazcraft:monitor":4,"minecraft:white_wool":2,"management_wanted:speaker":4,"fd:bonniebunny_spawn_egg":1,"management_wanted:door_frame_3x_3_corner":7,"management_wanted:balloon_sign":2,"minecraft:light_blue_concrete":27,"management_wanted:vent":13,"management_wanted:red_curtain_pane_trim":20,"management_wanted:light_button":1,"management_wanted:yellow_neon_right":5,"refurbished_furniture:spruce_desk":12,"management_wanted:mcfarlane_arcade_bottom":12,"management_wanted:door_frame_3x_3_side":3,"minecraft:gray_concrete":92,"fd:officechair":13,"management_wanted:light_blue_facade_wall":4,"management_wanted:pipes":3,"refurbished_furniture:computer":11,"fazcraft:vent_cross":1,"management_wanted:storage_shelf":43,"fazcraft:office_chair_item":8,"construction_deco:barrier":12,"minecraft:deepslate_tiles":381,"minecraft:redstone_torch":15,"management_wanted:hanging_lamp":2,"fazcraft:wires":47,"management_wanted:bonnie_arcade_bottom":9,"management_wanted:statue_j_rs_foxy_spawn_egg":1,"minecraft:lever":16,"management_wanted:statue_withered_sparky_spawn_egg":2,"refurbished_furniture:black_lamp":3,"management_wanted:hanging_wall_wires_thin":129,"minecraft:black_concrete":893,"fazcraft:employee_door":26,"sp:monitor":48,"fazcraft:withered_freddy_plush":2,"minecraft:daylight_detector":132,"minecraft:gray_stained_glass_pane":18,"management_wanted:freddy_spawn_egg":8,"minecraft:bread":20,"fd:freddyfazbearidle_spawn_egg":1,"minecraft:string":30,"management_wanted:children_drawings":4,"minecraft:barrier":130,"fazcraft:multi_button_item":1,"minecraft:lectern":1,"fd:doorframecorner_1":15,"minecraft:cherry_sign":32,"minecraft:oak_pressure_plate":4,"management_wanted:bonnie_head":1,"management_wanted:door_frame_3x_3_top":3,"construction_deco:traffic_cone":2,"fazcraft:rwqfsfasxc_spawn_egg":8,"management_wanted:kitchen_door":11,"fd:officedoorblockopen":1,"minecraft:polished_andesite_slab":16,"management_wanted:fnaf_1_poster_freddy":7,"fazcraft:vent_corner":11,"management_wanted:deluxe_side_stage_block":3,"management_wanted:star_string":2,"management_wanted:mop":3,"management_wanted:statue_withered_golden_freddy_spawn_egg":1,"minecraft:coal_block":5,"management_wanted:balloon_world_arcade_bottom":11,"minecraft:dark_oak_fence":1,"minecraft:stripped_oak_wood":10,"management_wanted:bathroom_sign_male":1,"fazcraft:beacon_1":1,"minecraft:waxed_oxidized_cut_copper_stairs":9,"minecraft:smooth_stone_slab":132,"fazcraft:office_lamp":9,"fd:freddy_fazbeartrashcan":3,"minecraft:warped_button":1,"management_wanted:golden_freddy_armor_helmet":1,"management_wanted:lever_off":1,"fazcraft:freddy_head":9,"refurbished_furniture:oak_storage_cabinet":15,"minecraft:oak_trapdoor":2,"minecraft:oak_fence":5,"management_wanted:vent_trigger":16,"management_wanted:freddy_fazbears_pizza_deed":1,"fd:springbonnieplush":1,"minecraft:red_concrete":27,"minecraft:armor_stand":9,"minecraft:redstone":151,"management_wanted:hanging_stars":20,"fazcraft:wet_floor_sign_item":9,"management_wanted:statue_springtrap_spawn_egg":5,"minecraft:spruce_planks":13,"management_wanted:statue_sparky_spawn_egg":4,"management_wanted:poster_1":3,"management_wanted:fright_wall_tiles":2,"fazcraft:golden_freddy_plush":7,"management_wanted:statue_brother_spawn_egg":1,"fazcraft:enby_bathroom_sign_item":5,"minecraft:sandstone_wall":2,"management_wanted:chica_head":3,"sp:camera":25,"management_wanted:statue_withered_bonnie_spawn_egg":1,"minecraft:torch":12,"management_wanted:statue_unwithered_freddy_spawn_egg":3,"minecraft:dirt":24,"minecraft:anvil":12,"fazcraft:pizzeria_wall_grime_upper":700,"management_wanted:stage_sun":1,"management_wanted:radio":3,"minecraft:hopper":6,"management_wanted:diner_booth":5,"management_wanted:locker":1,"fnaf_recalled:recalled_desk":2,"management_wanted:deluxe_wall_pizza":9,"fazcraft:frying_pan":5,"management_wanted:puppet_spawn_egg":2,"minecraft:oak_wood":2,"management_wanted:springtrap_spawn_egg":2,"minecraft:spruce_fence":4,"fd:ffdwallposterfaces_1":1,"construction_deco:construction_site_spotlight_bottom":3,"management_wanted:foxy_arcade_bottom":9,"fd:officedoorbuttonoff":1,"minecraft:light_blue_stained_glass":2,"management_wanted:tile":3,"management_wanted:ball_pit_single":90,"management_wanted:yellow_neon_center":19,"management_wanted:window_single":10,"fd:stagespeaker":7,"refurbished_furniture:warped_lattice_fence_gate":2,"refurbished_furniture:recycle_bin":3,"management_wanted:fnaf_1_desk":4,"management_wanted:top_down_arcade":14,"management_wanted:statue_carnie_spawn_egg":1,"fazcraft:mens_bathroom_sign_item":3,"management_wanted:arcade_carpet_blue":1,"management_wanted:blue_pink_bunting":12,"minecraft:light_gray_stained_glass":7,"management_wanted:prize_counters":10,"management_wanted:light_bulb":5,"fazcraft:small_monitor":18,"management_wanted:fnaf_1_poster_chica":6,"minecraft:spruce_button":6,"minecraft:warped_fence":6,"fazcraft:pizza_slice":1,"minecraft:polished_deepslate_wall":4,"management_wanted:arcade_bottom":3,"fazcraft:telephone_block":7,"management_wanted:poster_4":6,"simpleradio:radiosmither":1,"fazcraft:vent_straight":91,"management_wanted:blue_awning":37,"management_wanted:digital_clock":1,"fazcraft:table":40,"management_wanted:bonnie_cutout":3,"fd:wallpapers":9,"pizzacraft:olive_bookshelf":2,"management_wanted:foxy_spawn_egg":3,"minecraft:purple_concrete":12,"management_wanted:freddy_cutout":3,"management_wanted:hanging_wires":45,"management_wanted:statue_captain_foxy_spawn_egg":1,"management_wanted:exit_sign":3,"minecraft:iron_trapdoor":2,"constructionwand:diamond_wand":365,"management_wanted:fazwrench":52,"management_wanted:fan":4,"fazcraft:cinematic_foxy_skin_plush":1,"fazcraft:pizza_block":4,"management_wanted:withered_bonnie_spawn_egg":4,"management_wanted:pizza":2,"minecraft:stone_pressure_plate":14,"fd:freddyfazbear_spawn_egg":1,"fd:emergency_light_on":5,"fd:singlesupplyroomshelves":34,"minecraft:red_dye":5,"fd:blood_trail":64,"fazcraft:freddy_mask_helmet":4,"management_wanted:small_cardboard_box":49,"management_wanted:statue_shadow_bonnie_spawn_egg":6,"management_wanted:bathroom_sign_female":1,"management_wanted:polybius_arcade_bottom":15,"simpleradio:microphone":1,"management_wanted:home_wall":7,"minecraft:water_bucket":401,"fd:toychicashowtime_spawn_egg":1,"management_wanted:statue_withered_freddy_spawn_egg":2,"management_wanted:trash":219,"management_wanted:office_window":1,"refurbished_furniture:plate":44,"management_wanted:many_tiles":34,"fazcraft:light_button_item":4,"management_wanted:fright_poster":3,"management_wanted:rotten_wall":837,"minecraft:polished_andesite":83,"fazcraft:crash_door":119,"fazcraft:rwqfsfasxc_plush":2,"pizzacraft:olive_trapdoor":15,"fd:toybonnieshowtime_spawn_egg":1,"minecraft:waxed_oxidized_cut_copper":19,"fazcraft:paper_plate":1,"management_wanted:vent_grate_broken":1,"simpleradio:speaker":1,"fazcraft:pizzeria_wall_slab":19,"management_wanted:skibidi_ovdr":3,"fazcraft:warning_sign_block":3,"management_wanted:yellow_facade_bricks":24,"minecraft:glow_ink_sac":6,"fazcraft:vent_door":10,"minecraft:mangrove_trapdoor":1,"fazcraft:freddy_plush":1,"fd:wallpaper_1":4,"fazcraft:sparky_skin_plush":3,"management_wanted:moderate_stage":3,"management_wanted:terminal":1,"management_wanted:fnaf_movie_sign":2,"minecraft:glow_item_frame":4,"management_wanted:yellow_rabbit_suit_block":1,"fazcraft:excavator_skin_plush":8,"fazcraft:fluorescent_light":245,"management_wanted:wetfloor_block":1,"fd:chicas_magic_rainbow":6,"minecraft:comparator":239,"management_wanted:office_chair":10,"management_wanted:wall_light":3,"management_wanted:arcade_carpet_mixed":323,"management_wanted:balloon_prop":1,"management_wanted:big_red_exit_door":1,"constructionwand:stone_wand":118,"fazcraft:present":4,"management_wanted:vent_door":4,"management_wanted:cardboard_box":65,"fd:neonwalllights":10,"management_wanted:chica_spawn_egg":6,"fazcraft:easter_skin_plush":7,"management_wanted:statue_toy_foxy_spawn_egg":1,"fazcraft:shamrock_skin_plush":1,"minecraft:oak_log":11,"management_wanted:statue_fredbear_spawn_egg":1,"refurbished_furniture:dark_electricity_generator":13,"fd:officeposter":3,"minecraft:piston":7,"management_wanted:bathroom_stall":8,"management_wanted:sitting_endo_spawn_egg":7,"fd:stageclouds":26,"management_wanted:backstage_door":11,"management_wanted:door_frame":1,"fazcraft:balloon_item":16,"management_wanted:desk_single":11,"minecraft:command_block":590,"minecraft:map":1,"minecraft:netherite_axe":25,"minecraft:oak_button":43,"fazcraft:trash":165,"management_wanted:blastdoor":8,"fazcraft:endo_plush":7,"fazcraft:prizes_sign":4,"management_wanted:freddy_armor_helmet":1,"management_wanted:balloon":8,"management_wanted:chica_cutout":3,"management_wanted:fruity_maze_arcade":2,"minecraft:stone_slab":6,"management_wanted:statue_nightmare_foxy_spawn_egg":1,"fd:box_1":25,"fazcraft:paper_pal_bb":1,"minecraft:spruce_trapdoor":5,"management_wanted:vending_machine":31,"fazcraft:withered_bonnie_spawn_egg":3,"management_wanted:bathroom_trim":92,"fazcraft:vent_cover":31,"fazcraft:tinkerer_skin_plush":1,"refurbished_furniture:white_kitchen_sink":3,"management_wanted:exit_door_red":4,"management_wanted:pizza_box":14,"management_wanted:present":2,"management_wanted:bathroom_sign_gender_neutral":1,"fazcraft:starring_bonnie_poster_item":3,"minecraft:crimson_sign":5,"fd:floorwires_1":11,"management_wanted:safety_rules":35,"management_wanted:rotten_wall_tiles":528,"management_wanted:bonnie_spawn_egg":7,"management_wanted:wall_wires":550,"management_wanted:freddy_mask":3,"minecraft:potion":12,"refurbished_furniture:dark_oak_drawer":2,"fazcraft:door_button_item":198,"management_wanted:statue_spring_bonnie_spawn_egg":1,"management_wanted:retro_desk":3,"fazcraft:baker_skin_plush":1,"minecraft:bucket":65,"fd:ceilingpizzerialight":2,"minecraft:chain_command_block":71,"fazcraft:cupcake_head":3,"minecraft:pumpkin_pie":21,"minecraft:repeating_command_block":204,"minecraft:polished_blackstone_button":16,"management_wanted:spring_bonnie_head":2,"minecraft:stripped_oak_log":8,"fazcraft:kitchen_pot_item":8,"fazcraft:melted_chocolate_skin_plush":1,"fazcraft:endo_02_plush":17,"management_wanted:glamrock_freddy_perform_spawn_egg":2,"minecraft:smooth_stone":4186,"management_wanted:dirty_fright_wall_tiles":2},"minecraft:custom":{"minecraft:bell_ring":10,"minecraft:leave_game":68,"minecraft:time_since_death":130646,"minecraft:sprint_one_cm":4407257,"minecraft:drop":143,"minecraft:play_time":4240021,"minecraft:deaths":142,"minecraft:jump":12429,"minecraft:walk_on_water_one_cm":10745,"minecraft:damage_dealt":4674,"minecraft:crouch_one_cm":140702,"minecraft:interact_with_anvil":15,"minecraft:mob_kills":29,"minecraft:inspect_hopper":11,"minecraft:climb_one_cm":7082,"minecraft:walk_one_cm":12333360,"minecraft:sneak_time":103824,"minecraft:walk_under_water_one_cm":11558,"minecraft:interact_with_lectern":4,"minecraft:total_world_time":8778370,"minecraft:time_since_rest":130647,"minecraft:damage_taken":32420,"minecraft:use_wand":7819,"minecraft:swim_one_cm":59,"minecraft:fly_one_cm":10079539,"minecraft:fall_one_cm":28814},"minecraft:killed":{"fd:chicachicken":1,"fd:freddyfazbearidle":1,"fd:freddyfazbear":1,"fazcraft:golden_cupcake":3,"fd:toyfoxyshowtime":1,"fd:bonniebunny":1,"management_wanted:wetfloor":1,"fazcraft:mangle_piece":6,"fd:toychicashowtime":1,"management_wanted:office_chair_entity":7,"fd:foxy":1,"management_wanted:freddy_cutout_entity":1,"fd:toybonnieshowtime":1,"management_wanted:chica_cutout_entity":1},"minecraft:killed_by":{"management_wanted:bonnie_night":18,"management_wanted:withered_bonnie_night":6,"management_wanted:endo_night":1,"management_wanted:freddy_night":15,"fazcraft:golden_freddy":1,"management_wanted:chica_night":14,"management_wanted:springtrap_night":2,"management_wanted:foxy_night":45,"fd:freddyfazbear":1,"management_wanted:puppet_night":1,"fd:foxy":1}},"DataVersion":3465}