{"stats":{"minecraft:mined":{"sp:monitor":1,"management_wanted:diner_booth":1,"fazcraft:trash_block":1,"minecraft:piston":1,"minecraft:lever":1,"minecraft:redstone_wire":1},"minecraft:picked_up":{"fazcraft:remnant":41,"minecraft:redstone_block":2,"sp:lens_module":1,"fazcraft:endo_plush":6,"fazcraft:excavator_skin_plush":4,"refurbished_furniture:plate":1,"fazcraft:office_chair_item":4,"fazcraft:baker_skin_plush":1,"fazcraft:cinematic_freddy_skin_plush":2,"minecraft:comparator":1,"minecraft:smooth_stone":2,"minecraft:coal_block":451,"management_wanted:freddy_spawn_egg":1,"management_wanted:fredbear_armor_helmet":1,"fazcraft:battery":22,"sp:tablet":5,"fazcraft:enby_bathroom_sign_item":1,"minecraft:command_block":1,"management_wanted:prize_counters":1,"fazcraft:pizza_slice":6,"minecraft:cyan_terracotta":1,"management_wanted:fredbear_armor_leggings":1,"fazcraft:mens_bathroom_sign_item":1,"sp:motion_detector_module":3,"fazcraft:melted_chocolate_skin_plush":1,"sp:camera":1,"management_wanted:freddy_head":1,"management_wanted:bag_office_window":2,"management_wanted:rotten_wall_tiles":2,"management_wanted:blue_pink_bunting":1,"fazcraft:red_remnant":14,"minecraft:black_stained_glass_pane":1,"fazcraft:door_button_item":25,"minecraft:stripped_spruce_log":1,"minecraft:grass_block":1,"fazcraft:stuffed_suit_plush":17,"fazcraft:cinematic_foxy_skin_plush":1,"fazcraft:shadow_core":2,"fazcraft:bonnie_plush":2,"management_wanted:fnaf_1_wall":1,"fazcraft:withered_freddy_plush":2,"fazcraft:golden_freddy_plush":10,"fazcraft:pizzeria_wall_grime_upper":1,"fazcraft:flashlight_off":42,"management_wanted:rotten_wall":2,"fazcraft:rwqfsfasxc_plush":2,"sp:redstone_module":2,"management_wanted:office_chair":1,"sp:flashlight_module":4,"management_wanted:fredbear_armor_chestplate":1,"fd:freddyfazbearidle_spawn_egg":1,"fazcraft:freddy_plush":1,"fazcraft:womens_bathroom_sign_item":1,"management_wanted:fazwrench":2,"fazcraft:tinkerer_skin_plush":1,"minecraft:iron_ingot":4,"fazcraft:shamrock_skin_plush":1,"fazcraft:withered_bonnie_plush":1,"minecraft:chain_command_block":1,"fazcraft:endo_02_plush":10,"fazcraft:sparky_skin_plush":3,"sp:nightvision_module":5,"fazcraft:easter_skin_plush":2,"fazcraft:fluorescent_light":1,"fazcraft:crash_door":69,"management_wanted:torture_freddy_head":1,"minecraft:coal":1},"minecraft:dropped":{"management_wanted:office_chair":1,"sp:tablet":12,"minecraft:glass_bottle":1,"fazcraft:fluorescent_light":2,"constructionwand:stone_wand":1,"management_wanted:purple_curtain_stars":1,"management_wanted:err_tiles":1,"management_wanted:light_bulb":1,"fazcraft:employee_door":1,"minecraft:cyan_terracotta":2,"minecraft:dirt":1,"management_wanted:fredbear_armor_helmet":1,"management_wanted:fright_wall_tiles":1,"fd:freddyfazbearidle_spawn_egg":1,"minecraft:black_stained_glass_pane":1,"management_wanted:prize_counters":1,"fazcraft:crash_door":2,"fazcraft:handunit":5,"minecraft:pumpkin_pie":1,"minecraft:black_concrete":3,"management_wanted:rotten_wall_tiles":2,"management_wanted:vent_trigger":1,"fazcraft:stuffed_suit_plush":1,"fazcraft:enby_bathroom_sign_item":1,"management_wanted:rotten_wall":4,"management_wanted:deluxe_side_stage_block":1,"management_wanted:blue_pink_bunting":1,"minecraft:warped_sign":1,"patchouli:guide_book":1,"fazcraft:fazcam":1,"simpleradio:transceiver":1,"management_wanted:freddy_spawn_egg":1,"minecraft:birch_button":1,"minecraft:chain_command_block":1,"management_wanted:torture_freddy_head":1,"management_wanted:moderate_stage":1,"minecraft:stripped_spruce_log":1,"management_wanted:freddy_head":1,"management_wanted:bag_office_window":2,"minecraft:netherite_axe":1,"fazcraft:freddy_fazblock":1,"minecraft:command_block":1,"minecraft:grass_block":5,"management_wanted:kitchen_tiles":1,"minecraft:coal":15,"minecraft:polished_andesite":1,"management_wanted:rabbit_armor_leggings":1,"minecraft:lava_bucket":1,"minecraft:cherry_sign":1,"management_wanted:fnaf_1_wall":1,"fazcraft:mens_bathroom_sign_item":1,"fazcraft:womens_bathroom_sign_item":1,"minecraft:repeater":1,"minecraft:smooth_stone":18,"minecraft:bucket":1,"minecraft:redstone_block":7,"fazcraft:endo_02_plush":1,"minecraft:bricks":1,"management_wanted:rabbit_armor_helmet":1,"management_wanted:deluxe_stage_block":1,"minecraft:smooth_stone_slab":1,"management_wanted:kitchen_bricks":2,"minecraft:comparator":2,"management_wanted:rabbit_armor_chestplate":1,"management_wanted:fredbear_armor_chestplate":1,"management_wanted:fredbear_armor_leggings":1,"management_wanted:dirty_fright_wall_tiles":1,"minecraft:light_blue_concrete":1,"minecraft:oak_sign":1,"fazcraft:pizzeria_wall_grime_upper":3,"minecraft:light":1,"minecraft:stone":1,"fazcraft:flashlight_off":10,"management_wanted:fazwrench":2,"fazcraft:door_button_item":4},"minecraft:killed":{"management_wanted:freddy_stand_entity":3,"fd:chicachicken":1,"fd:freddyfazbearidle":1,"minecraft:guardian":14,"fd:freddyfazbear":1,"fazcraft:golden_cupcake":3,"management_wanted:withered_freddy_night":1,"fd:toyfoxyshowtime":1,"fd:bonniebunny":1,"management_wanted:wetfloor":1,"fazcraft:mangle_piece":6,"fd:toychicashowtime":1,"management_wanted:office_chair_entity":7,"fd:foxy":1,"fazcraft:freddy_fazbear":1,"management_wanted:customer_child_thin":1,"management_wanted:freddy_cutout_entity":1,"fd:toybonnieshowtime":1,"fazcraft:foxy":1,"management_wanted:chica_cutout_entity":1},"minecraft:killed_by":{"management_wanted:fredbear_endo_night":1,"management_wanted:bonnie_night":20,"management_wanted:withered_bonnie_night":7,"management_wanted:endo_night":1,"management_wanted:freddy_night":15,"fazcraft:golden_freddy":1,"management_wanted:chica_night":14,"management_wanted:springtrap_night":2,"management_wanted:foxy_night":46,"fazcraft:foxy":1,"fd:freddyfazbear":1,"management_wanted:ignited_freddy_night":2,"management_wanted:withered_freddy_night":1,"management_wanted:puppet_night":1,"fd:foxy":1},"minecraft:custom":{"minecraft:bell_ring":10,"minecraft:leave_game":74,"minecraft:time_since_death":49587,"minecraft:sprint_one_cm":5011480,"minecraft:drop":159,"minecraft:play_time":5173205,"minecraft:deaths":3628,"minecraft:jump":15209,"minecraft:walk_on_water_one_cm":17679,"minecraft:damage_dealt":11861,"minecraft:crouch_one_cm":147409,"minecraft:mob_kills":54,"minecraft:interact_with_anvil":15,"minecraft:inspect_hopper":21,"minecraft:damage_dealt_resisted":147,"minecraft:climb_one_cm":10438,"minecraft:walk_one_cm":15199162,"minecraft:sneak_time":112742,"minecraft:walk_under_water_one_cm":12507,"minecraft:interact_with_lectern":11,"minecraft:total_world_time":10044575,"minecraft:time_since_rest":49588,"minecraft:damage_taken":37230,"minecraft:use_wand":9048,"minecraft:swim_one_cm":59,"minecraft:fly_one_cm":12287126,"minecraft:fall_one_cm":31286},"minecraft:used":{"management_wanted:kitchen_bricks":25,"management_wanted:utility_shelf_tiny":7,"management_wanted:backstage_shelf":20,"minecraft:writable_book":9,"management_wanted:statue_anomaly_spawn_egg":1,"management_wanted:foxy_armor_helmet":1,"management_wanted:fnaf_1_poster_bonnie":3,"minecraft:ladder":1,"minecraft:oak_sign":7,"fd:emergency_light":4,"fazcraft:pizzeria_wall_grime_lower":566,"management_wanted:paper":76,"management_wanted:cyan_facade_bricks":299,"management_wanted:door_frame_3x_3_bottom":13,"management_wanted:door_button":4,"fd:stagemiddle_1":4,"minecraft:warped_sign":20,"minecraft:bell":1,"fd:wallposterfacesb":7,"minecraft:debug_stick":105,"fd:chicachicken_spawn_egg":1,"constructionwand:iron_wand":78,"management_wanted:vent_stained":43,"minecraft:birch_pressure_plate":9,"management_wanted:exit_door":1,"fazcraft:hanging_stars":57,"management_wanted:freddy_head":5,"fazcraft:cinematic_freddy_skin_plush":3,"management_wanted:white_facade_bricks":601,"management_wanted:kitchen_tiles":3,"management_wanted:purple_curtain_stars":167,"fazcraft:freddy_fazbear_spawn_egg":2,"fazcraft:stuffed_suit_plush":26,"management_wanted:chica_arcade_bottom":3,"management_wanted:freddy_arcade_bottom":2,"fazcraft:bonnie_head":8,"fazcraft:broken_glass":34,"fd:doorframeside":30,"management_wanted:wall_pizza":6,"management_wanted:statue_unwithered_chica_spawn_egg":2,"fazcraft:chica_head":10,"management_wanted:children_drawings_2":6,"management_wanted:arcade_carpet_mixed_slabs":34,"minecraft:stripped_spruce_log":71,"management_wanted:yellow_neon_left":4,"fd:largesupplyroomshelves":9,"minecraft:polished_deepslate_stairs":9,"management_wanted:corkboard":4,"fazcraft:nebraska_poster_item":1,"management_wanted:pizzeria_door":10,"fazcraft:paper_pal_freddy":1,"fd:foxy_spawn_egg":1,"minecraft:crimson_button":5,"minecraft:glass":2,"management_wanted:blue_pink_bunting_pane":63,"fd:curtain_1":13,"minecraft:lava_bucket":72,"minecraft:cyan_terracotta":38,"fazcraft:tile_slab":6,"management_wanted:statue_unwithered_bonnie_spawn_egg":3,"minecraft:bricks":211,"management_wanted:deluxe_stage_light":4,"fd:toyfoxyshowtime_spawn_egg":1,"fazcraft:bonnie_plush_block":1,"minecraft:red_wool":192,"minecraft:black_stained_glass_pane":6,"minecraft:grass_block":181,"constructionwand:infinity_wand":39,"management_wanted:bag_office_window":9,"management_wanted:staff_door":1,"minecraft:polished_andesite_stairs":2,"fazcraft:withered_bonnie_plush":3,"fd:shelf_1":23,"fazcraft:desk_fan":5,"minecraft:gray_concrete_powder":171,"fazcraft:golden_freddy_plush_block":16,"minecraft:cherry_button":2,"management_wanted:nightmare_freddy_day_spawn_egg":2,"refurbished_furniture:dark_lightswitch":1,"management_wanted:chica_armor_helmet":2,"fazcraft:foxy_head":10,"management_wanted:bag_freddy_spawn_egg":1,"minecraft:item_frame":1,"fd:stageup":1,"fazcraft:paper_pal_bonnie":2,"management_wanted:fnaf_1_wall":1082,"minecraft:birch_button":11,"refurbished_furniture:oak_crate":43,"fazcraft:lets_eat_sign":5,"minecraft:repeater":322,"management_wanted:err_tiles":124,"minecraft:magma_block":22,"management_wanted:fnaf_1_sign":2,"minecraft:written_book":1,"fd:monitors_1":3,"minecraft:guardian_spawn_egg":18,"management_wanted:fnaf_1_poster_freddy_lets_party":4,"management_wanted:hanging_lamp_chained":1,"management_wanted:endo_01_spawn_egg":1,"fazcraft:recharging_station":4,"management_wanted:backstage_table_single":52,"fazcraft:freddy_plush_block":1,"management_wanted:fright_vent_grille":13,"management_wanted:statue_withered_chica_spawn_egg":1,"management_wanted:puppet_box":5,"minecraft:pearlescent_froglight":3,"refurbished_furniture:oak_table":3,"minecraft:polished_blackstone_stairs":8,"management_wanted:fredbear_endo_spawn_egg":2,"minecraft:stripped_spruce_wood":13,"fd:pizzeriasigns_1":10,"management_wanted:wall_wires_thin":575,"management_wanted:statue_helpy_spawn_egg":1,"fd:arcade_sign":6,"refurbished_furniture:dark_range_hood":11,"management_wanted:clouds":31,"minecraft:bamboo_trapdoor":2,"fazcraft:pizzeria_wall_stairs":20,"management_wanted:open_neon_sign":1,"fazcraft:tile":137,"fazcraft:kids_drawings":4,"fazcraft:chica_plush_block":5,"management_wanted:withered_chica_spawn_egg":7,"management_wanted:withered_foxy_spawn_egg":2,"management_wanted:present_stack":1,"management_wanted:red_curtain_pane":37,"management_wanted:big_entrance_door":3,"minecraft:redstone_block":698,"management_wanted:dark_springtrap_spawn_egg":2,"management_wanted:deluxe_stage_block":3,"management_wanted:hanging_wall_wires":151,"management_wanted:statue_nightmare_endo_spawn_egg":2,"refurbished_furniture:black_kitchen_sink":6,"management_wanted:elevator_button":1,"management_wanted:foxy_head":2,"fazcraft:freddy_fazblock":80,"management_wanted:err_tiles_stairs":1,"fazcraft:monitor":4,"minecraft:white_wool":2,"management_wanted:speaker":15,"minecraft:blue_dye":4,"fd:bonniebunny_spawn_egg":1,"management_wanted:door_frame_3x_3_corner":9,"minecraft:light_blue_concrete":31,"management_wanted:employees_only_sign":2,"management_wanted:balloon_sign":2,"management_wanted:vent":74,"management_wanted:red_curtain_pane_trim":30,"management_wanted:statue_dark_springtrap_spawn_egg":1,"management_wanted:light_button":1,"management_wanted:yellow_neon_right":5,"refurbished_furniture:spruce_desk":12,"management_wanted:mcfarlane_arcade_bottom":12,"management_wanted:statue_withered_foxy_spawn_egg":4,"management_wanted:door_frame_3x_3_side":3,"minecraft:gray_concrete":96,"fd:officechair":14,"management_wanted:light_blue_facade_wall":4,"management_wanted:pipes":3,"refurbished_furniture:computer":11,"fazcraft:vent_cross":1,"management_wanted:storage_shelf":43,"fazcraft:office_chair_item":8,"construction_deco:barrier":12,"minecraft:deepslate_tiles":381,"minecraft:redstone_torch":15,"fazcraft:wires":47,"management_wanted:hanging_lamp":2,"management_wanted:golden_freddy_spawn_egg":2,"management_wanted:bonnie_arcade_bottom":9,"management_wanted:statue_j_rs_foxy_spawn_egg":1,"minecraft:lever":16,"management_wanted:statue_withered_sparky_spawn_egg":3,"management_wanted:hanging_wall_wires_thin":130,"refurbished_furniture:black_lamp":3,"minecraft:black_concrete":957,"fazcraft:employee_door":30,"sp:monitor":51,"management_wanted:statue_fredbear_endo_spawn_egg":2,"fazcraft:withered_freddy_plush":6,"minecraft:daylight_detector":132,"minecraft:gray_stained_glass_pane":18,"management_wanted:freddy_spawn_egg":13,"minecraft:bread":20,"fd:freddyfazbearidle_spawn_egg":1,"minecraft:string":30,"management_wanted:stage_01_fredbear_spawn_egg":1,"management_wanted:children_drawings":4,"minecraft:barrier":208,"fazcraft:multi_button_item":1,"minecraft:lectern":3,"fd:doorframecorner_1":16,"minecraft:cherry_sign":33,"minecraft:oak_pressure_plate":29,"management_wanted:statue_nightmare_freddy_spawn_egg":1,"management_wanted:bonnie_head":1,"management_wanted:door_frame_3x_3_top":4,"construction_deco:traffic_cone":2,"fazcraft:rwqfsfasxc_spawn_egg":12,"management_wanted:kitchen_door":11,"fd:officedoorblockopen":1,"minecraft:polished_andesite_slab":16,"management_wanted:fnaf_1_poster_freddy":7,"management_wanted:deluxe_side_stage_block":3,"fazcraft:vent_corner":11,"management_wanted:star_string":2,"management_wanted:mop":3,"management_wanted:shadow_freddy_2_spawn_egg":1,"management_wanted:statue_withered_golden_freddy_spawn_egg":1,"minecraft:coal_block":5,"management_wanted:balloon_world_arcade_bottom":11,"management_wanted:bathroom_sign_male":1,"minecraft:stripped_oak_wood":10,"fd:stagetiles":3,"minecraft:dark_oak_fence":1,"fazcraft:beacon_1":1,"minecraft:waxed_oxidized_cut_copper_stairs":9,"minecraft:smooth_stone_slab":132,"fazcraft:office_lamp":9,"minecraft:stripped_cherry_log":13,"fd:freddy_fazbeartrashcan":3,"minecraft:warped_button":1,"management_wanted:golden_freddy_armor_helmet":1,"fazcraft:freddy_head":9,"management_wanted:lever_off":1,"management_wanted:j_rs_freddy_spawn_egg":1,"management_wanted:endo_02_spawn_egg":2,"refurbished_furniture:oak_storage_cabinet":15,"minecraft:oak_fence":10,"minecraft:oak_trapdoor":4,"management_wanted:vent_trigger":119,"management_wanted:freddy_fazbears_pizza_deed":1,"minecraft:netherite_sword":68,"fd:springbonnieplush":1,"management_wanted:nightmare_endo_spawn_egg":1,"minecraft:red_concrete":27,"minecraft:armor_stand":12,"minecraft:redstone":154,"management_wanted:hanging_stars":20,"fazcraft:endoskeleton_spawn_egg":2,"fazcraft:wet_floor_sign_item":9,"management_wanted:statue_springtrap_spawn_egg":8,"minecraft:spruce_planks":15,"management_wanted:statue_sparky_spawn_egg":4,"management_wanted:poster_1":3,"management_wanted:trashcan_freddy":1,"management_wanted:fright_wall_tiles":2,"fazcraft:golden_freddy_plush":7,"management_wanted:statue_brother_spawn_egg":1,"fazcraft:enby_bathroom_sign_item":5,"minecraft:sandstone_wall":2,"management_wanted:audio_lure":8,"management_wanted:chica_head":3,"sp:camera":28,"management_wanted:statue_withered_bonnie_spawn_egg":4,"management_wanted:torture_freddy_head":12,"minecraft:torch":12,"management_wanted:fnaf_1_tile_bottom":197,"minecraft:anvil":12,"management_wanted:statue_unwithered_freddy_spawn_egg":3,"minecraft:dirt":88,"management_wanted:rewritten_freddy_spawn_egg":1,"fazcraft:pizzeria_wall_grime_upper":744,"management_wanted:stage_sun":4,"management_wanted:radio":3,"minecraft:light_blue_dye":3,"minecraft:hopper":10,"fd:stagesun":3,"management_wanted:locker":4,"management_wanted:diner_booth":5,"fnaf_recalled:recalled_desk":2,"management_wanted:deluxe_wall_pizza":9,"management_wanted:movie_freddy_spawn_egg":1,"fazcraft:frying_pan":5,"fazcraft:foxy_spawn_egg":1,"minecraft:pink_dye":1,"management_wanted:puppet_spawn_egg":2,"minecraft:oak_wood":7,"management_wanted:springtrap_spawn_egg":3,"management_wanted:molten_freddy_spawn_egg":1,"construction_deco:construction_site_spotlight_bottom":3,"fd:ffdwallposterfaces_1":1,"management_wanted:foxy_arcade_bottom":9,"minecraft:spruce_fence":9,"fd:officedoorbuttonoff":2,"minecraft:light_blue_stained_glass":2,"management_wanted:tile":33,"management_wanted:ball_pit_single":90,"management_wanted:yellow_neon_center":61,"management_wanted:fredbear_suit_block":1,"management_wanted:window_single":10,"fd:stagespeaker":7,"refurbished_furniture:warped_lattice_fence_gate":2,"minecraft:wooden_axe":1,"refurbished_furniture:recycle_bin":3,"management_wanted:fnaf_1_desk":6,"management_wanted:top_down_arcade":14,"management_wanted:statue_carnie_spawn_egg":1,"fazcraft:mens_bathroom_sign_item":3,"management_wanted:arcade_carpet_blue":1,"management_wanted:blue_pink_bunting":12,"minecraft:light_gray_stained_glass":7,"management_wanted:prize_counters":10,"management_wanted:light_bulb":5,"fazcraft:small_monitor":18,"management_wanted:fnaf_1_poster_chica":6,"minecraft:oak_stairs":9,"minecraft:spruce_button":6,"fazcraft:pizza_slice":1,"minecraft:warped_fence":6,"minecraft:polished_deepslate_wall":4,"management_wanted:arcade_bottom":3,"fazcraft:telephone_block":8,"minecraft:cherry_trapdoor":15,"management_wanted:poster_4":6,"simpleradio:radiosmither":1,"fazcraft:vent_straight":98,"minecraft:lime_dye":3,"management_wanted:blue_awning":37,"management_wanted:digital_clock":1,"fazcraft:table":41,"management_wanted:bonnie_cutout":3,"fd:wallpapers":9,"pizzacraft:olive_bookshelf":2,"fd:stageblock_1":3,"management_wanted:parts_and_service_freddy":4,"management_wanted:foxy_spawn_egg":6,"minecraft:purple_concrete":12,"management_wanted:freddy_cutout":3,"management_wanted:hanging_wires":45,"management_wanted:statue_captain_foxy_spawn_egg":1,"management_wanted:ffps_sign":1,"management_wanted:exit_sign":11,"minecraft:iron_trapdoor":2,"constructionwand:diamond_wand":447,"minecraft:black_dye":1,"management_wanted:fazwrench":90,"management_wanted:fan":4,"fazcraft:cinematic_foxy_skin_plush":1,"fazcraft:pizza_block":4,"management_wanted:withered_bonnie_spawn_egg":15,"management_wanted:pizza":2,"management_wanted:withered_freddy_spawn_egg":2,"minecraft:stone_pressure_plate":14,"fd:freddyfazbear_spawn_egg":1,"fd:emergency_light_on":5,"fd:singlesupplyroomshelves":41,"minecraft:red_dye":38,"fd:blood_trail":79,"fazcraft:freddy_mask_helmet":4,"management_wanted:small_cardboard_box":52,"management_wanted:statue_shadow_bonnie_spawn_egg":7,"management_wanted:bathroom_sign_female":1,"management_wanted:polybius_arcade_bottom":15,"simpleradio:microphone":10,"management_wanted:home_wall":7,"minecraft:water_bucket":401,"fd:toychicashowtime_spawn_egg":1,"management_wanted:statue_withered_freddy_spawn_egg":2,"management_wanted:trash":219,"management_wanted:office_window":1,"refurbished_furniture:plate":44,"management_wanted:many_tiles":34,"fazcraft:light_button_item":4,"management_wanted:fright_poster":3,"management_wanted:facility_freddy_spawn_egg":1,"management_wanted:rotten_wall":903,"minecraft:polished_andesite":132,"management_wanted:phantom_freddy_spawn_egg":3,"fazcraft:crash_door":122,"minecraft:waxed_oxidized_cut_copper":19,"fazcraft:rwqfsfasxc_plush":2,"pizzacraft:olive_trapdoor":15,"fd:toybonnieshowtime_spawn_egg":1,"fazcraft:paper_plate":1,"management_wanted:vent_grate_broken":1,"simpleradio:speaker":36,"minecraft:cherry_planks":75,"management_wanted:ignited_freddy_spawn_egg":2,"fazcraft:pizzeria_wall_slab":19,"fazcraft:warning_sign_block":4,"management_wanted:skibidi_ovdr":3,"management_wanted:yellow_facade_bricks":24,"minecraft:glow_ink_sac":40,"fazcraft:vent_door":13,"minecraft:mangrove_trapdoor":1,"fazcraft:sparky_skin_plush":4,"management_wanted:terminal":1,"management_wanted:stuffed_freddy":3,"minecraft:glow_item_frame":4,"fazcraft:freddy_plush":1,"fd:wallpaper_1":4,"management_wanted:freddy_stand":4,"management_wanted:moderate_stage":11,"management_wanted:fnaf_movie_sign":2,"minecraft:comparator":290,"management_wanted:yellow_rabbit_suit_block":1,"management_wanted:pizza_place_sign_dirty":1,"fazcraft:excavator_skin_plush":8,"fazcraft:fluorescent_light":259,"management_wanted:wetfloor_block":1,"fd:chicas_magic_rainbow":6,"management_wanted:vent_door":4,"management_wanted:office_chair":10,"management_wanted:wall_light":3,"management_wanted:big_red_exit_door":1,"management_wanted:arcade_carpet_mixed":323,"management_wanted:balloon_prop":1,"constructionwand:stone_wand":118,"management_wanted:clouds_flat":2,"fazcraft:present":4,"fazcraft:lets_rock_sign":1,"management_wanted:cardboard_box":65,"minecraft:mangrove_sign":11,"fd:neonwalllights":10,"minecraft:painting":10,"fazcraft:fallen_endo_skin_spawn_egg":1,"management_wanted:chica_spawn_egg":9,"fazcraft:easter_skin_plush":9,"management_wanted:statue_toy_foxy_spawn_egg":1,"fazcraft:shamrock_skin_plush":1,"management_wanted:wall_wires_curved_thin":15,"minecraft:oak_log":11,"management_wanted:statue_fredbear_spawn_egg":1,"refurbished_furniture:dark_electricity_generator":14,"fd:officeposter":3,"minecraft:piston":7,"management_wanted:bathroom_stall":8,"management_wanted:sitting_endo_spawn_egg":10,"minecraft:light":6,"fd:stageclouds":30,"management_wanted:backstage_door":11,"management_wanted:door_frame":1,"fazcraft:balloon_item":16,"management_wanted:desk_single":14,"management_wanted:head_lantern_chica":1,"minecraft:command_block":667,"minecraft:map":1,"minecraft:netherite_axe":30,"minecraft:oak_button":56,"fazcraft:trash":169,"management_wanted:blastdoor":8,"fazcraft:endo_plush":13,"fazcraft:prizes_sign":4,"management_wanted:freddy_armor_helmet":1,"minecraft:purple_dye":1,"management_wanted:balloon":8,"management_wanted:chica_cutout":3,"management_wanted:fruity_maze_arcade":2,"minecraft:stone_slab":70,"management_wanted:statue_nightmare_foxy_spawn_egg":1,"fd:box_1":27,"fazcraft:paper_pal_bb":1,"minecraft:spruce_trapdoor":5,"management_wanted:vending_machine":31,"fazcraft:withered_bonnie_spawn_egg":3,"management_wanted:bathroom_trim":92,"fazcraft:vent_cover":36,"fazcraft:tinkerer_skin_plush":1,"refurbished_furniture:white_kitchen_sink":3,"management_wanted:exit_door_red":4,"management_wanted:safety_rules":35,"management_wanted:pizza_box":14,"management_wanted:present":2,"management_wanted:red_curtain":22,"management_wanted:bathroom_sign_gender_neutral":1,"fazcraft:starring_bonnie_poster_item":3,"minecraft:crimson_sign":37,"fd:floorwires_1":11,"management_wanted:rotten_wall_tiles":582,"management_wanted:anomaly_spawn_egg":2,"management_wanted:bonnie_spawn_egg":88,"minecraft:potion":12,"management_wanted:statue_nightmare_mangle_spawn_egg":1,"management_wanted:wall_wires":567,"management_wanted:freddy_mask":3,"fazcraft:curtain_pane":22,"refurbished_furniture:dark_oak_drawer":5,"fazcraft:door_button_item":222,"management_wanted:statue_spring_bonnie_spawn_egg":1,"management_wanted:fixed_foxy_spawn_egg":1,"management_wanted:retro_desk":3,"minecraft:bucket":65,"fazcraft:baker_skin_plush":1,"minecraft:glass_pane":2,"fd:ceilingpizzerialight":2,"minecraft:chain_command_block":141,"management_wanted:lefty_2_spawn_egg":1,"fazcraft:cupcake_head":3,"minecraft:pumpkin_pie":21,"minecraft:repeating_command_block":290,"minecraft:polished_blackstone_button":19,"management_wanted:statue_freddy_spawn_egg":1,"management_wanted:spring_bonnie_head":2,"minecraft:stripped_oak_log":66,"fazcraft:kitchen_pot_item":8,"fazcraft:melted_chocolate_skin_plush":1,"management_wanted:dirty_fright_wall_tiles":2,"fazcraft:endo_02_plush":17,"management_wanted:glamrock_freddy_perform_spawn_egg":4,"minecraft:smooth_stone":4561}},"DataVersion":3465}