{"stats":{"minecraft:dropped":{"management_wanted:moderate_stage":1,"management_wanted:office_chair":1,"sp:tablet":5,"management_wanted:freddy_head":1,"management_wanted:bag_office_window":2,"minecraft:glass_bottle":1,"fazcraft:fluorescent_light":2,"constructionwand:stone_wand":1,"management_wanted:skibidi_chris_2":1,"management_wanted:light_bulb":1,"minecraft:grass_block":3,"management_wanted:rabbit_armor_leggings":1,"minecraft:cherry_sign":1,"management_wanted:fright_wall_tiles":1,"management_wanted:fredbear_armor_helmet":1,"fd:freddyfazbearidle_spawn_egg":1,"fazcraft:mens_bathroom_sign_item":1,"fazcraft:womens_bathroom_sign_item":1,"management_wanted:prize_counters":1,"fazcraft:handunit":1,"minecraft:pumpkin_pie":1,"minecraft:black_concrete":1,"minecraft:smooth_stone":4,"minecraft:redstone_block":1,"management_wanted:rotten_wall_tiles":1,"fazcraft:stuffed_suit_plush":1,"management_wanted:rotten_wall":1,"fazcraft:enby_bathroom_sign_item":1,"management_wanted:rabbit_armor_helmet":1,"management_wanted:deluxe_stage_block":1,"management_wanted:deluxe_side_stage_block":1,"management_wanted:fredbear_armor_chestplate":1,"management_wanted:blue_pink_bunting":1,"management_wanted:rabbit_armor_chestplate":1,"management_wanted:fredbear_armor_leggings":1,"management_wanted:dirty_fright_wall_tiles":1,"minecraft:light_blue_concrete":1,"patchouli:guide_book":1,"fazcraft:pizzeria_wall_grime_upper":1,"fazcraft:flashlight_off":4,"fazcraft:fazcam":1,"simpleradio:transceiver":1,"management_wanted:freddy_spawn_egg":1,"minecraft:birch_button":1},"minecraft:killed_by":{"management_wanted:springtrap_night":1,"management_wanted:foxy_night":20,"management_wanted:bonnie_night":3,"management_wanted:withered_bonnie_night":6,"management_wanted:endo_night":1,"fd:freddyfazbear":1,"management_wanted:freddy_night":4,"fd:foxy":1,"management_wanted:chica_night":1},"minecraft:mined":{"management_wanted:diner_booth":1,"fazcraft:trash_block":1},"minecraft:custom":{"minecraft:mob_kills":9,"minecraft:leave_game":17,"minecraft:time_since_death":15468,"minecraft:climb_one_cm":3955,"minecraft:sprint_one_cm":1929516,"minecraft:walk_one_cm":3430006,"minecraft:drop":58,"minecraft:play_time":1748686,"minecraft:deaths":61,"minecraft:sneak_time":46249,"minecraft:jump":4586,"minecraft:walk_on_water_one_cm":176,"minecraft:total_world_time":2942287,"minecraft:time_since_rest":15469,"minecraft:damage_taken":14275,"minecraft:use_wand":6911,"minecraft:damage_dealt":2119,"minecraft:fly_one_cm":4974622,"minecraft:crouch_one_cm":24410,"minecraft:fall_one_cm":21020},"minecraft:used":{"refurbished_furniture:oak_storage_cabinet":3,"minecraft:red_concrete":25,"minecraft:armor_stand":1,"minecraft:redstone":104,"fazcraft:wet_floor_sign_item":1,"minecraft:spruce_planks":13,"fazcraft:pizzeria_wall_grime_lower":430,"management_wanted:cyan_facade_bricks":259,"management_wanted:paper":72,"management_wanted:poster_1":3,"fazcraft:enby_bathroom_sign_item":5,"fazcraft:golden_freddy_plush":5,"management_wanted:fright_wall_tiles":2,"sp:camera":14,"fd:chicachicken_spawn_egg":1,"minecraft:torch":12,"constructionwand:iron_wand":76,"fazcraft:pizzeria_wall_grime_upper":694,"management_wanted:radio":3,"management_wanted:white_facade_bricks":525,"management_wanted:diner_booth":5,"management_wanted:freddy_head":3,"management_wanted:freddy_arcade_bottom":2,"fazcraft:stuffed_suit_plush":14,"fazcraft:broken_glass":20,"fazcraft:bonnie_head":4,"management_wanted:wall_pizza":6,"management_wanted:springtrap_spawn_egg":1,"fazcraft:chica_head":1,"fd:officedoorbuttonoff":1,"management_wanted:children_drawings_2":6,"management_wanted:tile":3,"management_wanted:monitors_2":2,"management_wanted:ball_pit_single":5,"management_wanted:skibidi_ovdr_2":1,"refurbished_furniture:recycle_bin":3,"management_wanted:corkboard":4,"fd:foxy_spawn_egg":1,"fazcraft:mens_bathroom_sign_item":3,"management_wanted:pizzeria_door":1,"management_wanted:window_single":10,"fazcraft:nebraska_poster_item":1,"refurbished_furniture:warped_lattice_fence_gate":2,"management_wanted:blue_pink_bunting_pane":35,"management_wanted:fnaf_1_desk":4,"management_wanted:stage_lights":2,"fazcraft:paper_pal_freddy":1,"minecraft:lava_bucket":11,"management_wanted:arcade_carpet_blue":1,"minecraft:bricks":10,"management_wanted:blue_pink_bunting":12,"fd:toyfoxyshowtime_spawn_egg":1,"management_wanted:arcade_bottom":3,"fazcraft:bonnie_plush_block":1,"minecraft:grass_block":39,"minecraft:red_wool":192,"management_wanted:prize_counters":10,"fazcraft:small_monitor":11,"management_wanted:light_bulb":4,"fazcraft:pizza_slice":1,"management_wanted:staff_door":1,"management_wanted:bag_office_window":3,"minecraft:warped_fence":6,"minecraft:polished_deepslate_wall":4,"fazcraft:withered_bonnie_plush":1,"fazcraft:telephone_block":1,"management_wanted:poster_4":6,"minecraft:gray_concrete_powder":153,"simpleradio:radiosmither":1,"fazcraft:golden_freddy_plush_block":6,"fazcraft:vent_straight":73,"management_wanted:chica_armor_helmet":2,"management_wanted:blue_awning":37,"fazcraft:foxy_head":7,"management_wanted:bonnie_cutout":3,"management_wanted:err_tiles":113,"fazcraft:paper_pal_bonnie":2,"management_wanted:fnaf_1_wall":192,"minecraft:birch_button":5,"management_wanted:foxy_spawn_egg":2,"minecraft:repeater":249,"minecraft:purple_concrete":10,"management_wanted:hanging_wires":35,"management_wanted:skibidi_chris_2":3,"management_wanted:freddy_cutout":3,"management_wanted:exit_sign":2,"management_wanted:fazwrench":21,"constructionwand:diamond_wand":365,"management_wanted:endo_01_spawn_egg":1,"management_wanted:fan":4,"fazcraft:recharging_station":1,"fazcraft:pizza_block":4,"fazcraft:freddy_plush_block":1,"management_wanted:withered_bonnie_spawn_egg":3,"fd:freddyfazbear_spawn_egg":1,"management_wanted:pizza":2,"minecraft:red_dye":3,"fd:blood_trail":22,"management_wanted:statue_shadow_bonnie_spawn_egg":6,"management_wanted:bathroom_sign_female":1,"management_wanted:wall_wires_thin":36,"simpleradio:microphone":1,"management_wanted:home_wall":7,"fd:toychicashowtime_spawn_egg":1,"management_wanted:party_table":1,"minecraft:water_bucket":1,"management_wanted:statue_withered_freddy_spawn_egg":2,"management_wanted:office_window":1,"refurbished_furniture:plate":22,"fazcraft:tile":32,"management_wanted:fright_poster":3,"fazcraft:chica_plush_block":5,"fazcraft:kids_drawings":4,"minecraft:polished_andesite":1,"management_wanted:withered_chica_spawn_egg":1,"management_wanted:rotten_wall":812,"management_wanted:present_stack":1,"fd:toybonnieshowtime_spawn_egg":1,"fazcraft:crash_door":104,"simpleradio:speaker":1,"minecraft:redstone_block":424,"fazcraft:pizzeria_wall_slab":4,"management_wanted:deluxe_stage_block":3,"management_wanted:big_entrance_door":2,"fazcraft:warning_sign_block":3,"management_wanted:yellow_facade_bricks":24,"management_wanted:hanging_wall_wires":37,"minecraft:glow_ink_sac":3,"fazcraft:vent_door":10,"management_wanted:foxy_head":2,"fd:wallpaper_1":3,"fazcraft:freddy_fazblock":11,"fazcraft:monitor":1,"management_wanted:moderate_stage":3,"minecraft:white_wool":2,"fd:bonniebunny_spawn_egg":1,"management_wanted:terminal":1,"management_wanted:yellow_rabbit_suit_block":1,"management_wanted:door_frame_3x_3_corner":3,"minecraft:light_blue_concrete":1,"fazcraft:fluorescent_light":144,"management_wanted:balloon_sign":2,"minecraft:comparator":157,"management_wanted:office_chair":1,"management_wanted:red_curtain_pane_trim":6,"management_wanted:arcade_carpet_mixed":307,"management_wanted:balloon_prop":1,"constructionwand:stone_wand":50,"management_wanted:door_frame_3x_3_side":3,"minecraft:gray_concrete":66,"management_wanted:light_blue_facade_wall":4,"management_wanted:pipes":3,"refurbished_furniture:computer":1,"fazcraft:vent_cross":1,"management_wanted:chica_spawn_egg":4,"fazcraft:office_chair_item":5,"construction_deco:barrier":3,"minecraft:deepslate_tiles":359,"refurbished_furniture:dark_electricity_generator":3,"fazcraft:wires":47,"management_wanted:hanging_wall_wires_thin":20,"management_wanted:sitting_endo_spawn_egg":1,"minecraft:black_concrete":723,"management_wanted:backstage_door":11,"fazcraft:withered_freddy_plush":2,"minecraft:daylight_detector":126,"fazcraft:balloon_item":16,"minecraft:netherite_axe":9,"fd:freddyfazbearidle_spawn_egg":1,"fazcraft:prizes_sign":4,"minecraft:command_block":255,"management_wanted:freddy_spawn_egg":6,"minecraft:bread":20,"management_wanted:children_drawings":1,"fazcraft:trash":46,"minecraft:barrier":19,"minecraft:oak_button":29,"management_wanted:blastdoor":8,"fazcraft:endo_plush":6,"management_wanted:chica_cutout":3,"fd:officedoorblockopen":1,"management_wanted:balloon":8,"fazcraft:paper_pal_bb":1,"minecraft:spruce_trapdoor":4,"minecraft:cherry_sign":29,"management_wanted:present":2,"management_wanted:bathroom_trim":48,"management_wanted:safety_rules":35,"management_wanted:deluxe_side_stage_block":3,"fazcraft:vent_cover":12,"management_wanted:pizza_box":3,"management_wanted:bonnie_head":1,"management_wanted:kitchen_door":11,"construction_deco:traffic_cone":2,"management_wanted:bathroom_sign_gender_neutral":1,"management_wanted:rotten_wall_tiles":482,"minecraft:crimson_sign":3,"fazcraft:vent_corner":9,"management_wanted:statue_withered_golden_freddy_spawn_egg":1,"management_wanted:wall_wires":8,"management_wanted:bonnie_spawn_egg":2,"minecraft:potion":12,"fazcraft:door_button_item":124,"management_wanted:bathroom_sign_male":1,"management_wanted:retro_desk":3,"fazcraft:beacon_1":1,"minecraft:bucket":1,"minecraft:pumpkin_pie":21,"minecraft:chain_command_block":17,"fazcraft:cupcake_head":1,"minecraft:smooth_stone_slab":9,"minecraft:repeating_command_block":73,"management_wanted:spring_bonnie_head":2,"fazcraft:endo_02_plush":6,"management_wanted:golden_freddy_armor_helmet":1,"minecraft:smooth_stone":2659,"management_wanted:dirty_fright_wall_tiles":2,"fazcraft:freddy_head":2,"management_wanted:monitors_1":2},"minecraft:killed":{"fd:toychicashowtime":1,"fd:chicachicken":1,"fd:freddyfazbearidle":1,"fd:foxy":1,"fd:freddyfazbear":1,"fd:toybonnieshowtime":1,"fd:toyfoxyshowtime":1,"fd:bonniebunny":1,"management_wanted:chica_cutout_entity":1},"minecraft:picked_up":{"fazcraft:remnant":41,"fazcraft:endo_plush":4,"fazcraft:withered_freddy_plush":2,"fazcraft:office_chair_item":4,"fazcraft:golden_freddy_plush":3,"fazcraft:flashlight_off":22,"management_wanted:freddy_spawn_egg":1,"management_wanted:fredbear_armor_helmet":1,"sp:tablet":2,"fazcraft:enby_bathroom_sign_item":1,"management_wanted:office_chair":1,"sp:flashlight_module":4,"management_wanted:fredbear_armor_chestplate":1,"management_wanted:prize_counters":1,"fazcraft:pizza_slice":6,"management_wanted:fredbear_armor_leggings":1,"fazcraft:mens_bathroom_sign_item":1,"fd:freddyfazbearidle_spawn_egg":1,"fazcraft:womens_bathroom_sign_item":1,"management_wanted:freddy_head":1,"management_wanted:bag_office_window":2,"sp:camera":1,"minecraft:iron_ingot":4,"management_wanted:rotten_wall_tiles":1,"fazcraft:withered_bonnie_plush":1,"management_wanted:blue_pink_bunting":1,"fazcraft:red_remnant":14,"fazcraft:endo_02_plush":5,"fazcraft:door_button_item":24,"management_wanted:skibidi_chris_2":1,"fazcraft:stuffed_suit_plush":17,"sp:nightvision_module":5,"fazcraft:fluorescent_light":1,"fazcraft:shadow_core":2,"fazcraft:crash_door":66}},"DataVersion":3465}