{"stats":{"minecraft:picked_up":{"fazcraft:flashlight_off":3,"fazcraft:battery":1,"fazcraft:crash_door":1,"fazcraft:broken_glass":1},"minecraft:killed_by":{"management_wanted:fredbear_endo_night":1},"minecraft:mined":{"fazcraft:trash_block":1,"minecraft:glass_pane":1},"minecraft:dropped":{"fazcraft:battery":1,"fazcraft:crash_door":1},"minecraft:custom":{"minecraft:time_since_rest":715,"minecraft:open_chest":2,"minecraft:crouch_one_cm":606,"minecraft:play_time":34736,"minecraft:walk_one_cm":289642,"minecraft:damage_taken":430,"minecraft:deaths":1,"minecraft:sneak_time":153,"minecraft:drop":2,"minecraft:interact_with_lectern":1,"minecraft:jump":135,"minecraft:leave_game":1,"minecraft:time_since_death":712,"minecraft:walk_on_water_one_cm":128,"minecraft:total_world_time":34736,"minecraft:fall_one_cm":2494,"minecraft:fly_one_cm":2332}},"DataVersion":3465}