{"stats":{"minecraft:killed":{"management_wanted:bonnie_cutout_entity":1,"management_wanted:freddy_cutout_entity":2,"management_wanted:wetfloor":1},"minecraft:picked_up":{"fazcraft:flashlight_off":14,"management_wanted:rabbit_armor_leggings":1,"management_wanted:red_curtain_pane_trim":1,"management_wanted:moderate_stage":1,"fazcraft:handunit":3,"fazcraft:rwqfsfasxc_plush":2,"management_wanted:rabbit_armor_helmet":1,"sp:tablet":5,"fazcraft:fazcam":2,"minecraft:pumpkin_pie":1,"management_wanted:kitchen_bricks":1,"management_wanted:fright_wall_tiles":1,"minecraft:glass_bottle":1,"management_wanted:deluxe_stage_block":1,"fazcraft:stuffed_suit_plush":1,"management_wanted:rabbit_armor_chestplate":1,"constructionwand:stone_wand":1,"management_wanted:deluxe_side_stage_block":1,"fazcraft:crash_door":1,"fazcraft:employee_door":1,"management_wanted:dirty_fright_wall_tiles":1},"minecraft:custom":{"minecraft:mob_kills":4,"minecraft:leave_game":7,"minecraft:time_since_death":264003,"minecraft:climb_one_cm":1460,"minecraft:sprint_one_cm":657630,"minecraft:walk_one_cm":1706346,"minecraft:drop":7,"minecraft:play_time":819093,"minecraft:deaths":25,"minecraft:sneak_time":23929,"minecraft:interact_with_lectern":1,"minecraft:jump":2662,"minecraft:interact_with_blast_furnace":1,"minecraft:walk_on_water_one_cm":331,"minecraft:total_world_time":819093,"minecraft:time_since_rest":264007,"minecraft:damage_taken":3320,"minecraft:use_wand":14399,"minecraft:damage_dealt":45,"minecraft:fly_one_cm":5954391,"minecraft:crouch_one_cm":17697,"minecraft:fall_one_cm":8490},"minecraft:used":{"management_wanted:kitchen_bricks":367,"management_wanted:utility_shelf_tiny":1,"minecraft:oak_trapdoor":1,"minecraft:blue_terracotta":28,"minecraft:iron_bars":59,"management_wanted:black_green_tiles":66,"management_wanted:green_curtain":16,"management_wanted:foxy_cutout":1,"minecraft:smooth_quartz_slab":42,"minecraft:red_concrete":938,"minecraft:chest":1,"minecraft:ladder":23,"fazcraft:wet_floor_sign_item":7,"minecraft:oak_sign":14,"minecraft:light_blue_terracotta":36,"management_wanted:awning":6,"minecraft:spruce_planks":20,"fazcraft:pizzeria_wall_grime_lower":103,"minecraft:tinted_glass":219,"management_wanted:cyan_facade_bricks":563,"management_wanted:utility_bricks":134,"minecraft:stone":587,"refurbished_furniture:light_fridge":2,"management_wanted:red_curtain_stars":16,"minecraft:quartz_stairs":3,"minecraft:polished_blackstone_wall":4,"minecraft:sandstone_wall":37,"minecraft:smooth_sandstone_stairs":44,"management_wanted:poster_2":11,"fazcraft:bonnie_poster_item":2,"refurbished_furniture:white_kitchen_drawer":6,"management_wanted:neon_arcade_sign":2,"management_wanted:fredbear_cutout":1,"management_wanted:fnaf_1_poster_freddy_jaw":2,"minecraft:dirt":47,"constructionwand:iron_wand":2,"fazcraft:pizzeria_wall_grime_upper":20,"management_wanted:stage_sun":4,"fazcraft:hanging_stars":7,"management_wanted:purple_curtain_stars":88,"management_wanted:white_facade_bricks":661,"management_wanted:kitchen_tiles":101,"management_wanted:chica_arcade_bottom":6,"management_wanted:jrs_sign":2,"management_wanted:diner_booth":53,"minecraft:brick_slab":5,"management_wanted:locker":7,"fazcraft:frying_pan":1,"minecraft:deepslate_tile_slab":54,"minecraft:stone_stairs":7,"fazcraft:stuffed_suit_plush":1,"management_wanted:fnaf_1_poster_golden_freddy":2,"minecraft:oak_wood":4,"minecraft:glow_lichen":2,"fazcraft:tile_alt_blue_slab":87,"fazcraft:celebrate_poster_item":7,"management_wanted:out_of_order_sign":4,"management_wanted:spring_bonnie_cutout":1,"management_wanted:blue_curtain_stars":19,"management_wanted:foxy_arcade_bottom":5,"minecraft:granite":18,"minecraft:mud_brick_stairs":6,"minecraft:stripped_spruce_log":88,"management_wanted:yellow_neon_left":2,"management_wanted:yellow_curtain_stars":20,"management_wanted:utility_shelf":32,"minecraft:lava_bucket":1,"management_wanted:yellow_neon_center":35,"management_wanted:corkboard":1,"management_wanted:window_single":18,"minecraft:andesite_wall":36,"minecraft:polished_blackstone_slab":31,"management_wanted:bb_mask":6,"minecraft:brown_terracotta":47,"fazcraft:nebraska_poster_item":5,"minecraft:stone_brick_slab":16,"management_wanted:metal_shelf":2,"minecraft:cyan_terracotta":338,"management_wanted:fnaf_1_desk":1,"minecraft:sea_lantern":3,"fazcraft:paper_pal_freddy":1,"management_wanted:green_curtain_pane":8,"management_wanted:arcade_carpet_blue":97,"minecraft:bricks":796,"minecraft:quartz_pillar":13,"management_wanted:staff_door":1,"management_wanted:light_bulb":2,"minecraft:black_stained_glass_pane":26,"management_wanted:prize_counters":2,"minecraft:iron_block":127,"minecraft:grass_block":10251,"minecraft:oak_stairs":3,"constructionwand:infinity_wand":10,"minecraft:quartz_block":1,"minecraft:brick_stairs":10,"management_wanted:fnaf_2_wall":64,"minecraft:polished_deepslate_wall":159,"minecraft:polished_andesite_stairs":380,"fazcraft:starring_foxy_poster_item":1,"fazcraft:desk_fan":7,"minecraft:smooth_quartz":13,"minecraft:gray_concrete_powder":76,"fazcraft:vent_straight":2,"refurbished_furniture:white_kitchen_cabinetry":8,"management_wanted:fnaf_6_arcade_bottom":13,"minecraft:mud_bricks":132,"minecraft:stone_bricks":78,"management_wanted:digital_clock":3,"management_wanted:bonnie_cutout":1,"fazcraft:security_camera":1,"fazcraft:table":26,"management_wanted:children_drawings_3":2,"management_wanted:fnaf_1_wall":76,"fd:wallwarningsign":5,"minecraft:birch_button":1,"minecraft:purple_concrete":60,"management_wanted:hanging_wires":8,"management_wanted:err_tiles":101,"management_wanted:freddy_cutout":4,"fazcraft:lets_eat_sign":2,"management_wanted:exit_sign":12,"minecraft:oak_sapling":4,"minecraft:deepslate_tile_stairs":54,"minecraft:polished_diorite_stairs":5,"fazcraft:recharging_station":3,"management_wanted:backstage_table_single":1,"fazcraft:pizza_box":1,"minecraft:stone_pressure_plate":6,"management_wanted:teal_door":3,"minecraft:pearlescent_froglight":223,"minecraft:red_dye":1,"refurbished_furniture:dark_oak_table":1,"minecraft:observer":4,"fazcraft:chica_poster_item":2,"management_wanted:small_cardboard_box":2,"fazcraft:tile_alt_blue":79,"minecraft:stripped_spruce_wood":4,"management_wanted:polybius_arcade_bottom":11,"management_wanted:fnaf_2_bathroom_trim":32,"minecraft:water_bucket":164,"management_wanted:clouds":3,"management_wanted:kitchen_bricks_slabs":4,"management_wanted:hazard_sign":2,"minecraft:end_stone_bricks":4,"fazcraft:tile":845,"minecraft:dirt_path":4,"minecraft:brick_wall":4,"fazcraft:kids_drawings":13,"minecraft:polished_andesite":782,"management_wanted:rotten_wall":9,"minecraft:dark_oak_sign":1,"minecraft:mud_brick_slab":29,"fazcraft:rwqfsfasxc_plush":3,"minecraft:polished_diorite_slab":15,"refurbished_furniture:light_stove":4,"management_wanted:green_neon_center":50,"management_wanted:red_curtain_pane":34,"minecraft:spruce_sign":1,"minecraft:redstone_block":55,"fazcraft:pizzeria_wall_slab":5,"management_wanted:big_entrance_door":20,"management_wanted:yellow_facade_bricks":146,"fazcraft:warning_sign_block":3,"management_wanted:hanging_wall_wires":12,"minecraft:glow_ink_sac":2,"fazcraft:vent_door":1,"minecraft:deepslate_bricks":100,"fazcraft:lets_play_sign":6,"fazcraft:freddy_fazblock":5,"management_wanted:err_tiles_stairs":7,"minecraft:smooth_quartz_stairs":154,"minecraft:bamboo_stairs":446,"management_wanted:speaker":5,"fazcraft:fluorescent_light":199,"management_wanted:wetfloor_block":1,"minecraft:rail":37,"minecraft:terracotta":2,"minecraft:light_blue_concrete":403,"management_wanted:green_blue_tiles":260,"management_wanted:wall_light":1,"management_wanted:red_curtain_pane_trim":29,"management_wanted:prizes_neon_sign":2,"management_wanted:celebrate_poster_fnaf2":2,"management_wanted:green_curtain_trim":10,"management_wanted:yellow_neon_right":2,"management_wanted:arcade_carpet_mixed":438,"management_wanted:gumball_machine":1,"minecraft:blast_furnace":6,"refurbished_furniture:oak_light_ceiling_fan":1,"fazcraft:lets_rock_sign":11,"management_wanted:cardboard_box":6,"minecraft:stone_brick_wall":50,"minecraft:gray_concrete":4860,"minecraft:painting":22,"management_wanted:chiseled_utility_bricks":2,"management_wanted:jeffs_pizza_sign":3,"management_wanted:big_entrance_door_light_blue":1,"construction_deco:barrier":7,"minecraft:lightning_rod":4,"management_wanted:white_red_tiles":267,"minecraft:redstone_torch":6,"fazcraft:tile_yellow":12,"minecraft:deepslate_tiles":131,"minecraft:black_terracotta":50,"fazcraft:bonnie_bites_cabinet":3,"management_wanted:green_facade_wall":32,"minecraft:light":4,"fazcraft:child_poster_item":3,"fazcraft:wires":2,"management_wanted:bathroom_stall":5,"minecraft:yellow_dye":1,"management_wanted:hanging_wall_wires_thin":19,"minecraft:black_concrete":12,"management_wanted:backstage_door":9,"fazcraft:employee_door":5,"minecraft:daylight_detector":141,"minecraft:birch_fence_gate":2,"minecraft:birch_slab":27,"fazcraft:savethem_cabinet":1,"minecraft:bread":6,"fazcraft:trash":38,"minecraft:barrier":157,"minecraft:stone_button":12,"minecraft:cyan_concrete":161,"management_wanted:chica_cutout":1,"minecraft:stone_slab":59,"minecraft:polished_granite":76,"management_wanted:lined_utility_bricks":31,"management_wanted:restroom_neon_sign":2,"minecraft:spruce_trapdoor":3,"minecraft:cherry_sign":1,"management_wanted:purple_curtain_trim":7,"management_wanted:bathroom_trim":39,"management_wanted:vending_machine":3,"fazcraft:vent_cover":5,"refurbished_furniture:white_kitchen_sink":4,"management_wanted:pizza_box":1,"management_wanted:kitchen_door":3,"management_wanted:toy_chica_head":4,"construction_deco:traffic_cone":8,"management_wanted:safety_rules":2,"management_wanted:rotten_wall_tiles":23,"management_wanted:purple_curtain":12,"management_wanted:mop":4,"management_wanted:bedroom_door":2,"minecraft:cobblestone":242,"management_wanted:wall_wires":4,"management_wanted:fnaf_1_chair":25,"fazcraft:curtain_pane":6,"refurbished_furniture:dark_oak_drawer":5,"management_wanted:balloon_world_arcade_bottom":10,"minecraft:dark_oak_fence":28,"management_wanted:utility_shelf_small":4,"minecraft:bucket":1,"minecraft:sandstone_slab":1,"minecraft:glass_pane":28,"minecraft:smooth_stone_slab":674,"minecraft:pumpkin_pie":1,"minecraft:polished_blackstone_button":4,"minecraft:stripped_oak_log":86,"minecraft:bone_meal":12,"minecraft:smooth_stone":1009,"minecraft:birch_stairs":30,"fazcraft:lets_party_sign":3},"minecraft:killed_by":{"management_wanted:foxy_night":7,"management_wanted:bonnie_night":1,"management_wanted:withered_bonnie_night":1,"management_wanted:freddy_night":1,"management_wanted:chica_night":4},"minecraft:dropped":{"sp:tablet":3,"fazcraft:handunit":2,"fazcraft:flashlight_off":1,"fazcraft:fazcam":1}},"DataVersion":3465}