{"stats":{"minecraft:used":{"management_wanted:fnaf_1_poster_bonnie":3,"fd:emergency_light":4,"management_wanted:paper":76,"fazcraft:pizzeria_wall_grime_lower":432,"management_wanted:cyan_facade_bricks":263,"management_wanted:door_button":1,"fd:chicachicken_spawn_egg":1,"constructionwand:iron_wand":76,"management_wanted:white_facade_bricks":538,"fazcraft:hanging_stars":36,"management_wanted:chica_arcade_bottom":3,"management_wanted:freddy_arcade_bottom":2,"management_wanted:freddy_head":3,"fazcraft:broken_glass":20,"fazcraft:bonnie_head":4,"management_wanted:wall_pizza":6,"fazcraft:stuffed_suit_plush":14,"fazcraft:chica_head":1,"management_wanted:children_drawings_2":6,"minecraft:stripped_spruce_log":6,"management_wanted:skibidi_ovdr_2":1,"management_wanted:corkboard":4,"management_wanted:pizzeria_door":1,"fd:foxy_spawn_egg":1,"fazcraft:nebraska_poster_item":1,"fd:largesupplyroomshelves":4,"management_wanted:blue_pink_bunting_pane":63,"minecraft:lava_bucket":11,"fazcraft:paper_pal_freddy":1,"minecraft:bricks":24,"fazcraft:bonnie_plush_block":1,"minecraft:red_wool":192,"minecraft:black_stained_glass_pane":6,"minecraft:grass_block":39,"fd:toyfoxyshowtime_spawn_egg":1,"management_wanted:bag_office_window":6,"management_wanted:staff_door":1,"fazcraft:withered_bonnie_plush":1,"fazcraft:golden_freddy_plush_block":6,"minecraft:gray_concrete_powder":153,"fazcraft:foxy_head":7,"management_wanted:chica_armor_helmet":2,"management_wanted:fnaf_1_wall":192,"fazcraft:paper_pal_bonnie":2,"minecraft:birch_button":5,"refurbished_furniture:oak_crate":6,"minecraft:repeater":250,"management_wanted:err_tiles":113,"management_wanted:endo_01_spawn_egg":1,"management_wanted:fnaf_1_poster_freddy_lets_party":3,"fazcraft:recharging_station":1,"fazcraft:freddy_plush_block":1,"management_wanted:puppet_box":5,"refurbished_furniture:oak_table":3,"management_wanted:wall_wires_thin":67,"refurbished_furniture:dark_range_hood":11,"management_wanted:clouds":4,"fazcraft:tile":41,"fazcraft:kids_drawings":4,"fazcraft:chica_plush_block":5,"management_wanted:withered_chica_spawn_egg":1,"management_wanted:present_stack":1,"minecraft:redstone_block":426,"management_wanted:deluxe_stage_block":3,"management_wanted:big_entrance_door":2,"management_wanted:hanging_wall_wires":49,"management_wanted:foxy_head":2,"fazcraft:freddy_fazblock":11,"fazcraft:monitor":1,"minecraft:white_wool":2,"fd:bonniebunny_spawn_egg":1,"management_wanted:balloon_sign":2,"management_wanted:door_frame_3x_3_corner":3,"minecraft:light_blue_concrete":1,"management_wanted:vent":8,"management_wanted:red_curtain_pane_trim":6,"refurbished_furniture:spruce_desk":12,"management_wanted:mcfarlane_arcade_bottom":12,"management_wanted:door_frame_3x_3_side":3,"minecraft:gray_concrete":66,"management_wanted:light_blue_facade_wall":4,"management_wanted:pipes":3,"fazcraft:vent_cross":1,"refurbished_furniture:computer":1,"management_wanted:storage_shelf":18,"construction_deco:barrier":3,"fazcraft:office_chair_item":5,"minecraft:deepslate_tiles":361,"management_wanted:bonnie_arcade_bottom":9,"fazcraft:wires":47,"minecraft:black_concrete":744,"management_wanted:hanging_wall_wires_thin":42,"minecraft:daylight_detector":126,"fazcraft:withered_freddy_plush":2,"management_wanted:freddy_spawn_egg":6,"fd:freddyfazbearidle_spawn_egg":1,"management_wanted:children_drawings":4,"minecraft:bread":20,"minecraft:barrier":19,"minecraft:cherry_sign":29,"management_wanted:wall_wires_curvy":3,"fazcraft:vent_corner":9,"management_wanted:kitchen_door":11,"construction_deco:traffic_cone":2,"fd:officedoorblockopen":1,"management_wanted:bonnie_head":1,"management_wanted:deluxe_side_stage_block":3,"management_wanted:fnaf_1_poster_freddy":5,"management_wanted:star_string":2,"management_wanted:mop":3,"management_wanted:statue_withered_golden_freddy_spawn_egg":1,"management_wanted:balloon_world_arcade_bottom":11,"minecraft:stripped_oak_wood":10,"management_wanted:bathroom_sign_male":1,"fazcraft:beacon_1":1,"minecraft:smooth_stone_slab":9,"fd:freddy_fazbeartrashcan":3,"management_wanted:golden_freddy_armor_helmet":1,"fazcraft:freddy_head":2,"refurbished_furniture:oak_storage_cabinet":15,"minecraft:armor_stand":1,"minecraft:red_concrete":25,"minecraft:redstone":104,"management_wanted:hanging_stars":20,"fazcraft:wet_floor_sign_item":1,"minecraft:spruce_planks":13,"management_wanted:poster_1":3,"management_wanted:fright_wall_tiles":2,"fazcraft:golden_freddy_plush":7,"fazcraft:enby_bathroom_sign_item":5,"sp:camera":19,"minecraft:torch":12,"fazcraft:pizzeria_wall_grime_upper":694,"minecraft:anvil":12,"management_wanted:stage_sun":1,"management_wanted:radio":3,"management_wanted:diner_booth":5,"management_wanted:deluxe_wall_pizza":9,"fazcraft:frying_pan":5,"management_wanted:puppet_spawn_egg":1,"management_wanted:springtrap_spawn_egg":1,"management_wanted:foxy_arcade_bottom":9,"fd:officedoorbuttonoff":1,"management_wanted:ball_pit_single":5,"management_wanted:monitors_2":2,"management_wanted:tile":3,"management_wanted:window_single":10,"refurbished_furniture:warped_lattice_fence_gate":2,"refurbished_furniture:recycle_bin":3,"management_wanted:top_down_arcade":13,"management_wanted:fnaf_1_desk":4,"management_wanted:stage_lights":2,"management_wanted:blue_pink_bunting":12,"fazcraft:mens_bathroom_sign_item":3,"management_wanted:arcade_carpet_blue":1,"management_wanted:light_bulb":4,"management_wanted:prize_counters":10,"fazcraft:small_monitor":11,"management_wanted:fnaf_1_poster_chica":5,"minecraft:warped_fence":6,"fazcraft:pizza_slice":1,"minecraft:polished_deepslate_wall":4,"management_wanted:arcade_bottom":3,"fazcraft:telephone_block":1,"management_wanted:poster_4":6,"simpleradio:radiosmither":1,"fazcraft:vent_straight":79,"management_wanted:blue_awning":37,"fd:wallpapers":7,"management_wanted:bonnie_cutout":3,"fazcraft:table":40,"management_wanted:foxy_spawn_egg":2,"management_wanted:hanging_wires":35,"minecraft:purple_concrete":10,"management_wanted:freddy_cutout":3,"management_wanted:skibidi_chris_2":3,"management_wanted:exit_sign":2,"constructionwand:diamond_wand":365,"management_wanted:fazwrench":27,"management_wanted:fan":4,"fazcraft:pizza_block":4,"management_wanted:withered_bonnie_spawn_egg":3,"minecraft:red_dye":3,"fd:freddyfazbear_spawn_egg":1,"management_wanted:pizza":2,"fd:singlesupplyroomshelves":10,"management_wanted:small_cardboard_box":28,"fd:blood_trail":22,"management_wanted:statue_shadow_bonnie_spawn_egg":6,"management_wanted:bathroom_sign_female":1,"management_wanted:polybius_arcade_bottom":15,"simpleradio:microphone":1,"management_wanted:home_wall":7,"fd:toychicashowtime_spawn_egg":1,"minecraft:water_bucket":1,"management_wanted:party_table":1,"management_wanted:trash":206,"management_wanted:statue_withered_freddy_spawn_egg":2,"management_wanted:office_window":1,"refurbished_furniture:plate":44,"management_wanted:fright_poster":3,"management_wanted:rotten_wall":812,"minecraft:polished_andesite":9,"fazcraft:rwqfsfasxc_plush":2,"fd:toybonnieshowtime_spawn_egg":1,"fazcraft:paper_plate":1,"fazcraft:crash_door":104,"simpleradio:speaker":1,"fazcraft:pizzeria_wall_slab":4,"management_wanted:yellow_facade_bricks":24,"fazcraft:warning_sign_block":3,"minecraft:glow_ink_sac":3,"fazcraft:vent_door":10,"fd:wallpaper_1":4,"management_wanted:moderate_stage":3,"management_wanted:yellow_rabbit_suit_block":1,"fd:chicas_magic_rainbow":6,"minecraft:comparator":158,"fazcraft:fluorescent_light":144,"management_wanted:terminal":1,"management_wanted:office_chair":1,"management_wanted:arcade_carpet_mixed":307,"management_wanted:balloon_prop":1,"constructionwand:stone_wand":50,"fazcraft:present":4,"management_wanted:vent_door":3,"management_wanted:cardboard_box":42,"management_wanted:chica_spawn_egg":4,"fd:officeposter":3,"refurbished_furniture:dark_electricity_generator":3,"management_wanted:sitting_endo_spawn_egg":1,"fd:stageclouds":26,"management_wanted:backstage_door":11,"fazcraft:balloon_item":16,"minecraft:command_block":255,"fazcraft:endo_plush":6,"minecraft:oak_button":29,"fazcraft:trash":159,"management_wanted:blastdoor":8,"minecraft:netherite_axe":9,"fazcraft:prizes_sign":4,"management_wanted:fruity_maze_arcade":1,"management_wanted:chica_cutout":3,"minecraft:spruce_trapdoor":4,"fazcraft:paper_pal_bb":1,"management_wanted:balloon":8,"fd:box_1":13,"management_wanted:bathroom_trim":48,"fazcraft:vent_cover":19,"management_wanted:vending_machine":14,"management_wanted:pizza_box":14,"management_wanted:present":2,"management_wanted:bathroom_sign_gender_neutral":1,"minecraft:crimson_sign":3,"fd:floorwires_1":10,"management_wanted:safety_rules":35,"management_wanted:rotten_wall_tiles":482,"management_wanted:wall_wires":64,"management_wanted:bonnie_spawn_egg":2,"minecraft:potion":12,"fazcraft:door_button_item":127,"management_wanted:retro_desk":3,"minecraft:chain_command_block":17,"minecraft:bucket":1,"fazcraft:cupcake_head":1,"minecraft:repeating_command_block":75,"minecraft:pumpkin_pie":21,"management_wanted:spring_bonnie_head":2,"minecraft:stripped_oak_log":2,"fazcraft:kitchen_pot_item":8,"fazcraft:endo_02_plush":6,"minecraft:smooth_stone":2659,"management_wanted:dirty_fright_wall_tiles":2,"management_wanted:monitors_1":2},"minecraft:mined":{"management_wanted:diner_booth":1,"fazcraft:trash_block":1},"minecraft:killed":{"fd:chicachicken":1,"fd:freddyfazbearidle":1,"fd:freddyfazbear":1,"fd:toyfoxyshowtime":1,"fd:bonniebunny":1,"fd:toychicashowtime":1,"fd:foxy":1,"fd:toybonnieshowtime":1,"management_wanted:chica_cutout_entity":1},"minecraft:killed_by":{"management_wanted:bonnie_night":5,"management_wanted:withered_bonnie_night":6,"management_wanted:endo_night":1,"management_wanted:freddy_night":4,"management_wanted:chica_night":2,"management_wanted:springtrap_night":2,"management_wanted:foxy_night":21,"fd:freddyfazbear":1,"fd:foxy":1},"minecraft:picked_up":{"fazcraft:remnant":41,"fazcraft:endo_plush":4,"refurbished_furniture:plate":1,"fazcraft:office_chair_item":4,"management_wanted:freddy_spawn_egg":1,"management_wanted:fredbear_armor_helmet":1,"sp:tablet":3,"fazcraft:enby_bathroom_sign_item":1,"management_wanted:prize_counters":1,"fazcraft:pizza_slice":6,"management_wanted:fredbear_armor_leggings":1,"fazcraft:mens_bathroom_sign_item":1,"sp:camera":1,"management_wanted:bag_office_window":2,"management_wanted:freddy_head":1,"management_wanted:rotten_wall_tiles":1,"management_wanted:blue_pink_bunting":1,"fazcraft:red_remnant":14,"minecraft:black_stained_glass_pane":1,"fazcraft:door_button_item":24,"management_wanted:skibidi_chris_2":1,"fazcraft:stuffed_suit_plush":17,"fazcraft:shadow_core":2,"fazcraft:bonnie_plush":2,"fazcraft:withered_freddy_plush":2,"fazcraft:golden_freddy_plush":5,"fazcraft:flashlight_off":23,"fazcraft:rwqfsfasxc_plush":2,"management_wanted:office_chair":1,"sp:flashlight_module":4,"management_wanted:fredbear_armor_chestplate":1,"fd:freddyfazbearidle_spawn_egg":1,"fazcraft:womens_bathroom_sign_item":1,"minecraft:iron_ingot":4,"fazcraft:withered_bonnie_plush":1,"fazcraft:endo_02_plush":5,"sp:nightvision_module":5,"fazcraft:fluorescent_light":1,"fazcraft:crash_door":66},"minecraft:custom":{"minecraft:leave_game":23,"minecraft:time_since_death":213825,"minecraft:sprint_one_cm":2152107,"minecraft:drop":60,"minecraft:play_time":1996412,"minecraft:deaths":67,"minecraft:jump":4914,"minecraft:walk_on_water_one_cm":176,"minecraft:damage_dealt":2119,"minecraft:crouch_one_cm":55298,"minecraft:mob_kills":9,"minecraft:interact_with_anvil":15,"minecraft:climb_one_cm":4385,"minecraft:walk_one_cm":4449485,"minecraft:sneak_time":57657,"minecraft:total_world_time":3203807,"minecraft:time_since_rest":213826,"minecraft:damage_taken":15275,"minecraft:use_wand":6911,"minecraft:fly_one_cm":5161564,"minecraft:fall_one_cm":21020},"minecraft:dropped":{"management_wanted:office_chair":1,"sp:tablet":6,"minecraft:glass_bottle":1,"fazcraft:fluorescent_light":2,"constructionwand:stone_wand":1,"management_wanted:light_bulb":1,"management_wanted:fredbear_armor_helmet":1,"management_wanted:fright_wall_tiles":1,"fd:freddyfazbearidle_spawn_egg":1,"minecraft:black_stained_glass_pane":1,"management_wanted:prize_counters":1,"fazcraft:handunit":1,"minecraft:pumpkin_pie":1,"minecraft:black_concrete":1,"management_wanted:rotten_wall_tiles":1,"fazcraft:stuffed_suit_plush":1,"fazcraft:enby_bathroom_sign_item":1,"management_wanted:rotten_wall":1,"management_wanted:deluxe_side_stage_block":1,"management_wanted:blue_pink_bunting":1,"patchouli:guide_book":1,"fazcraft:fazcam":1,"management_wanted:freddy_spawn_egg":1,"simpleradio:transceiver":1,"minecraft:birch_button":1,"management_wanted:moderate_stage":1,"management_wanted:freddy_head":1,"management_wanted:bag_office_window":2,"management_wanted:skibidi_chris_2":1,"minecraft:grass_block":3,"management_wanted:rabbit_armor_leggings":1,"minecraft:cherry_sign":1,"fazcraft:mens_bathroom_sign_item":1,"fazcraft:womens_bathroom_sign_item":1,"minecraft:smooth_stone":4,"minecraft:redstone_block":1,"management_wanted:rabbit_armor_helmet":1,"management_wanted:deluxe_stage_block":1,"management_wanted:rabbit_armor_chestplate":1,"management_wanted:fredbear_armor_chestplate":1,"management_wanted:dirty_fright_wall_tiles":1,"management_wanted:fredbear_armor_leggings":1,"minecraft:light_blue_concrete":1,"fazcraft:pizzeria_wall_grime_upper":1,"fazcraft:flashlight_off":4}},"DataVersion":3465}