{"stats":{"minecraft:custom":{"minecraft:mob_kills":2,"minecraft:leave_game":5,"minecraft:time_since_death":11297,"minecraft:climb_one_cm":1428,"minecraft:sprint_one_cm":503972,"minecraft:walk_one_cm":1275980,"minecraft:drop":6,"minecraft:play_time":566387,"minecraft:deaths":25,"minecraft:sneak_time":16920,"minecraft:jump":1646,"minecraft:walk_on_water_one_cm":146,"minecraft:total_world_time":566387,"minecraft:time_since_rest":11301,"minecraft:damage_taken":3320,"minecraft:use_wand":14399,"minecraft:damage_dealt":25,"minecraft:fly_one_cm":2555908,"minecraft:crouch_one_cm":16295,"minecraft:fall_one_cm":8490},"minecraft:picked_up":{"fazcraft:flashlight_off":14,"management_wanted:rabbit_armor_leggings":1,"management_wanted:moderate_stage":1,"fazcraft:handunit":2,"fazcraft:rwqfsfasxc_plush":2,"management_wanted:rabbit_armor_helmet":1,"sp:tablet":5,"fazcraft:fazcam":2,"minecraft:pumpkin_pie":1,"management_wanted:fright_wall_tiles":1,"minecraft:glass_bottle":1,"management_wanted:deluxe_stage_block":1,"fazcraft:stuffed_suit_plush":1,"management_wanted:rabbit_armor_chestplate":1,"constructionwand:stone_wand":1,"management_wanted:deluxe_side_stage_block":1,"fazcraft:crash_door":1,"management_wanted:dirty_fright_wall_tiles":1},"minecraft:dropped":{"sp:tablet":3,"fazcraft:handunit":1,"fazcraft:flashlight_off":1,"fazcraft:fazcam":1},"minecraft:killed":{"management_wanted:bonnie_cutout_entity":1,"management_wanted:freddy_cutout_entity":1},"minecraft:killed_by":{"management_wanted:foxy_night":7,"management_wanted:bonnie_night":1,"management_wanted:withered_bonnie_night":1,"management_wanted:freddy_night":1,"management_wanted:chica_night":4},"minecraft:used":{"management_wanted:utility_shelf_tiny":1,"minecraft:oak_trapdoor":1,"management_wanted:black_green_tiles":66,"management_wanted:foxy_cutout":1,"minecraft:red_concrete":938,"minecraft:ladder":3,"fazcraft:wet_floor_sign_item":3,"fazcraft:pizzeria_wall_grime_lower":103,"management_wanted:awning":6,"management_wanted:cyan_facade_bricks":517,"minecraft:tinted_glass":219,"minecraft:stone":7,"refurbished_furniture:light_fridge":2,"management_wanted:red_curtain_stars":16,"management_wanted:poster_2":11,"refurbished_furniture:white_kitchen_drawer":6,"management_wanted:fredbear_cutout":1,"management_wanted:neon_arcade_sign":1,"management_wanted:fnaf_1_poster_freddy_jaw":2,"minecraft:dirt":47,"constructionwand:iron_wand":2,"fazcraft:pizzeria_wall_grime_upper":20,"management_wanted:stage_sun":4,"management_wanted:white_facade_bricks":661,"fazcraft:hanging_stars":7,"management_wanted:purple_curtain_stars":88,"minecraft:brick_slab":5,"management_wanted:chica_arcade_bottom":6,"management_wanted:diner_booth":53,"management_wanted:locker":7,"fazcraft:frying_pan":1,"minecraft:stone_stairs":7,"fazcraft:stuffed_suit_plush":1,"management_wanted:fnaf_1_poster_golden_freddy":2,"fazcraft:tile_alt_blue_slab":87,"fazcraft:celebrate_poster_item":7,"management_wanted:out_of_order_sign":4,"management_wanted:spring_bonnie_cutout":1,"management_wanted:blue_curtain_stars":19,"management_wanted:foxy_arcade_bottom":5,"management_wanted:yellow_curtain_stars":20,"management_wanted:yellow_neon_left":2,"minecraft:stripped_spruce_log":88,"management_wanted:utility_shelf":32,"management_wanted:yellow_neon_center":35,"management_wanted:corkboard":1,"management_wanted:bb_mask":6,"fazcraft:nebraska_poster_item":5,"fazcraft:paper_pal_freddy":1,"management_wanted:metal_shelf":2,"management_wanted:fnaf_1_desk":1,"minecraft:sea_lantern":3,"minecraft:cyan_terracotta":222,"minecraft:bricks":642,"management_wanted:arcade_carpet_blue":97,"management_wanted:prize_counters":2,"minecraft:black_stained_glass_pane":22,"minecraft:grass_block":10235,"minecraft:oak_stairs":3,"constructionwand:infinity_wand":10,"minecraft:brick_stairs":10,"minecraft:polished_deepslate_wall":148,"minecraft:polished_andesite_stairs":29,"fazcraft:starring_foxy_poster_item":1,"minecraft:gray_concrete_powder":76,"fazcraft:vent_straight":2,"refurbished_furniture:white_kitchen_cabinetry":8,"management_wanted:fnaf_6_arcade_bottom":13,"management_wanted:digital_clock":3,"management_wanted:bonnie_cutout":1,"fazcraft:table":26,"management_wanted:children_drawings_3":2,"management_wanted:fnaf_1_wall":76,"management_wanted:hanging_wires":8,"minecraft:purple_concrete":60,"management_wanted:err_tiles":101,"management_wanted:freddy_cutout":2,"fazcraft:lets_eat_sign":2,"management_wanted:exit_sign":9,"fazcraft:recharging_station":3,"fazcraft:pizza_box":1,"minecraft:pearlescent_froglight":223,"management_wanted:small_cardboard_box":2,"fazcraft:tile_alt_blue":79,"management_wanted:polybius_arcade_bottom":11,"minecraft:water_bucket":1,"management_wanted:clouds":3,"management_wanted:party_table":41,"fazcraft:tile":800,"fazcraft:kids_drawings":3,"management_wanted:rotten_wall":9,"minecraft:polished_andesite":721,"fazcraft:rwqfsfasxc_plush":3,"refurbished_furniture:light_stove":4,"management_wanted:green_neon_center":50,"management_wanted:red_curtain_pane":34,"minecraft:redstone_block":55,"fazcraft:pizzeria_wall_slab":5,"management_wanted:big_entrance_door":20,"fazcraft:warning_sign_block":1,"management_wanted:yellow_facade_bricks":146,"management_wanted:hanging_wall_wires":12,"fazcraft:vent_door":1,"fazcraft:lets_play_sign":6,"fazcraft:freddy_fazblock":2,"management_wanted:err_tiles_stairs":7,"minecraft:smooth_quartz_stairs":10,"management_wanted:speaker":5,"fazcraft:fluorescent_light":199,"minecraft:light_blue_concrete":403,"management_wanted:green_blue_tiles":260,"management_wanted:red_curtain_pane_trim":29,"management_wanted:celebrate_poster_fnaf2":2,"management_wanted:arcade_carpet_mixed":438,"management_wanted:gumball_machine":1,"management_wanted:yellow_neon_right":2,"refurbished_furniture:oak_light_ceiling_fan":1,"fazcraft:lets_rock_sign":11,"management_wanted:cardboard_box":6,"minecraft:gray_concrete":4775,"management_wanted:white_red_tiles":267,"fazcraft:tile_yellow":12,"minecraft:deepslate_tiles":131,"fazcraft:bonnie_bites_cabinet":3,"fazcraft:child_poster_item":3,"management_wanted:bathroom_stall":5,"management_wanted:backstage_door":9,"minecraft:black_concrete":12,"management_wanted:hanging_wall_wires_thin":19,"fazcraft:employee_door":2,"minecraft:birch_fence_gate":2,"minecraft:daylight_detector":141,"minecraft:birch_slab":27,"minecraft:bread":6,"minecraft:barrier":95,"fazcraft:trash":5,"fazcraft:savethem_cabinet":1,"management_wanted:chica_cutout":1,"minecraft:stone_slab":59,"management_wanted:restroom_neon_sign":1,"minecraft:cherry_sign":1,"management_wanted:bathroom_trim":39,"fazcraft:vent_cover":1,"refurbished_furniture:white_kitchen_sink":4,"management_wanted:vending_machine":3,"management_wanted:pizza_box":1,"management_wanted:kitchen_door":3,"management_wanted:toy_chica_head":4,"management_wanted:safety_rules":2,"management_wanted:rotten_wall_tiles":23,"management_wanted:mop":4,"management_wanted:wall_wires":4,"management_wanted:fnaf_1_chair":25,"fazcraft:curtain_pane":6,"management_wanted:balloon_world_arcade_bottom":10,"minecraft:dark_oak_fence":15,"management_wanted:utility_shelf_small":4,"minecraft:bucket":1,"minecraft:glass_pane":9,"minecraft:smooth_stone_slab":1,"minecraft:pumpkin_pie":1,"minecraft:polished_blackstone_button":4,"minecraft:stripped_oak_log":86,"minecraft:smooth_stone":946,"minecraft:birch_stairs":30}},"DataVersion":3465}