{
  "fazcraft:root_advancement": {
    "criteria": {
      "root_advancement_0": "2025-01-03 21:07:21 -0800"
    },
    "done": true
  },
  "minecraft:recipes/misc/coal": {
    "criteria": {
      "has_coal_block": "2025-01-03 21:11:47 -0800"
    },
    "done": true
  },
  "pizzacraft:root": {
    "criteria": {
      "tick": "2025-01-03 21:07:21 -0800"
    },
    "done": true
  },
  "minecraft:recipes/decorations/crafting_table": {
    "criteria": {
      "unlock_right_away": "2025-01-03 21:07:21 -0800"
    },
    "done": true
  },
  "minecraft:recipes/decorations/chest": {
    "criteria": {
      "has_lots_of_items": "2025-01-03 21:11:35 -0800"
    },
    "done": true
  },
  "fazcraft:get_fnaf_door": {
    "criteria": {
      "get_fnaf_door_0": "2025-01-03 21:11:01 -0800"
    },
    "done": true
  },
  "fazcraft:encounter_rwqfsfasxc": {
    "criteria": {
      "encounter_rwqfsfasxc_0": "2025-01-03 21:32:05 -0800"
    },
    "done": true
  },
  "minecraft:adventure/root": {
    "criteria": {
      "killed_by_something": "2025-01-03 21:35:42 -0800"
    },
    "done": true
  },
  "minecraft:adventure/adventuring_time": {
    "criteria": {
      "minecraft:plains": "2025-01-03 21:07:22 -0800"
    },
    "done": false
  },
  "management_wanted:animatronic_kills_you": {
    "criteria": {
      "animatronic_kills_you_0": "2025-01-03 21:35:42 -0800"
    },
    "done": true
  },
  "DataVersion": 3465
}